{"venue_id":"bangkok-the-stranger-bar","timestamp_utc":"2026-10-06T04:12:37.228Z","p_pred":0.27100132084400974,"p_prior":0.38,"features":{"category":"bar","slot":"weeknight","phase":"early","cell_key":"category:bar:weeknight"},"signals":{"hour_phase":-0.5}}
{"venue_id":"berlin-bull-berlin","timestamp_utc":"2026-10-06T04:12:37.244Z","p_pred":0.28792871203468484,"p_prior":0.4,"features":{"category":"cruise","slot":"weeknight","phase":"early","cell_key":"category:cruise:weeknight"},"signals":{"hour_phase":-0.5}}
{"venue_id":"berlin-kitkatclub","timestamp_utc":"2026-10-06T04:12:37.245Z","p_pred":0.30885769463359225,"p_prior":0.4,"features":{"category":"sex","slot":"weeknight","phase":"late","cell_key":"category:sex:weeknight"},"signals":{"hour_phase":-0.4}}
{"venue_id":"bogota-leos-bar-mistica","timestamp_utc":"2026-10-06T04:12:37.256Z","p_pred":0.4403976865027794,"p_prior":0.38,"features":{"category":"bar","slot":"weeknight","phase":"peak","cell_key":"category:bar:weeknight"},"signals":{"hour_phase":0.25}}
{"venue_id":"bogota-punto-59","timestamp_utc":"2026-10-06T04:12:37.257Z","p_pred":0.4818146769645755,"p_prior":0.42000000000000004,"features":{"category":"club","slot":"weeknight","phase":"peak","cell_key":"category:club:weeknight"},"signals":{"hour_phase":0.25}}
{"venue_id":"bogota-perro-calandria","timestamp_utc":"2026-10-06T04:12:37.257Z","p_pred":0.4403976865027794,"p_prior":0.38,"features":{"category":"bar","slot":"weeknight","phase":"peak","cell_key":"category:bar:weeknight"},"signals":{"hour_phase":0.25}}
{"venue_id":"bogota-recreo-adan","timestamp_utc":"2026-10-06T04:12:37.258Z","p_pred":0.4403976865027794,"p_prior":0.38,"features":{"category":"bar","slot":"weeknight","phase":"peak","cell_key":"category:bar:weeknight"},"signals":{"hour_phase":0.25}}
{"venue_id":"bogota-brokeback","timestamp_utc":"2026-10-06T04:12:37.259Z","p_pred":0.4403976865027794,"p_prior":0.38,"features":{"category":"bar","slot":"weeknight","phase":"peak","cell_key":"category:bar:weeknight"},"signals":{"hour_phase":0.25}}
{"venue_id":"chicago-sidetrack","timestamp_utc":"2026-10-06T04:12:37.267Z","p_pred":0.5647473447816507,"p_prior":0.38,"features":{"category":"bar","slot":"weeknight","phase":"peak","cell_key":"category:bar:weeknight"},"signals":{"hour_phase":0.25,"recurring_night":1}}
{"venue_id":"chicago-roscoes-tavern","timestamp_utc":"2026-10-06T04:12:37.273Z","p_pred":0.4403976865027794,"p_prior":0.38,"features":{"category":"bar","slot":"weeknight","phase":"peak","cell_key":"category:bar:weeknight"},"signals":{"hour_phase":0.25}}
{"venue_id":"chicago-hydrate","timestamp_utc":"2026-10-06T04:12:37.274Z","p_pred":0.4818146769645755,"p_prior":0.42000000000000004,"features":{"category":"club","slot":"weeknight","phase":"peak","cell_key":"category:club:weeknight"},"signals":{"hour_phase":0.25}}
{"venue_id":"chicago-touche","timestamp_utc":"2026-10-06T04:12:37.274Z","p_pred":0.4403976865027794,"p_prior":0.38,"features":{"category":"bar","slot":"weeknight","phase":"peak","cell_key":"category:bar:weeknight"},"signals":{"hour_phase":0.25}}
{"venue_id":"chicago-charlies","timestamp_utc":"2026-10-06T04:12:37.278Z","p_pred":0.4403976865027794,"p_prior":0.38,"features":{"category":"bar","slot":"weeknight","phase":"peak","cell_key":"category:bar:weeknight"},"signals":{"hour_phase":0.25}}
{"venue_id":"chicago-steamworks","timestamp_utc":"2026-10-06T04:12:37.280Z","p_pred":0.5621765008857981,"p_prior":0.5,"features":{"category":"sauna","slot":"weeknight","phase":"peak","cell_key":"category:sauna:weeknight"},"signals":{"hour_phase":0.25}}
{"venue_id":"cologne-die-mumu","timestamp_utc":"2026-10-06T04:12:37.282Z","p_pred":0.27100132084400974,"p_prior":0.38,"features":{"category":"bar","slot":"weeknight","phase":"early","cell_key":"category:bar:weeknight"},"signals":{"hour_phase":-0.5}}
{"venue_id":"cologne-schampanja","timestamp_utc":"2026-10-06T04:12:37.283Z","p_pred":0.27100132084400974,"p_prior":0.38,"features":{"category":"bar","slot":"weeknight","phase":"early","cell_key":"category:bar:weeknight"},"signals":{"hour_phase":-0.5}}
{"venue_id":"fort-lauderdale-georgies-alibi","timestamp_utc":"2026-10-06T04:12:37.287Z","p_pred":0.4403976865027794,"p_prior":0.38,"features":{"category":"bar","slot":"weeknight","phase":"peak","cell_key":"category:bar:weeknight"},"signals":{"hour_phase":0.25}}
{"venue_id":"fort-lauderdale-hunters","timestamp_utc":"2026-10-06T04:12:37.288Z","p_pred":0.4818146769645755,"p_prior":0.42000000000000004,"features":{"category":"club","slot":"weeknight","phase":"peak","cell_key":"category:club:weeknight"},"signals":{"hour_phase":0.25}}
{"venue_id":"fort-lauderdale-eagle","timestamp_utc":"2026-10-06T04:12:37.289Z","p_pred":0.4403976865027794,"p_prior":0.38,"features":{"category":"bar","slot":"weeknight","phase":"peak","cell_key":"category:bar:weeknight"},"signals":{"hour_phase":0.25}}
{"venue_id":"fort-lauderdale-drynk","timestamp_utc":"2026-10-06T04:12:37.289Z","p_pred":0.4403976865027794,"p_prior":0.38,"features":{"category":"bar","slot":"weeknight","phase":"peak","cell_key":"category:bar:weeknight"},"signals":{"hour_phase":0.25}}
{"venue_id":"fort-lauderdale-the-club","timestamp_utc":"2026-10-06T04:12:37.291Z","p_pred":0.5621765008857981,"p_prior":0.5,"features":{"category":"sauna","slot":"weeknight","phase":"peak","cell_key":"category:sauna:weeknight"},"signals":{"hour_phase":0.25}}
{"venue_id":"hong-kong-flm","timestamp_utc":"2026-10-06T04:12:37.295Z","p_pred":0.27100132084400974,"p_prior":0.38,"features":{"category":"bar","slot":"weeknight","phase":"early","cell_key":"category:bar:weeknight"},"signals":{"hour_phase":-0.5}}
{"venue_id":"lima-valetodo-downtown","timestamp_utc":"2026-10-06T04:12:37.298Z","p_pred":0.4818146769645755,"p_prior":0.42000000000000004,"features":{"category":"club","slot":"weeknight","phase":"peak","cell_key":"category:club:weeknight"},"signals":{"hour_phase":0.25}}
{"venue_id":"lisbon-finalmente-club","timestamp_utc":"2026-10-06T04:12:37.308Z","p_pred":0.3267825556549316,"p_prior":0.42000000000000004,"features":{"category":"club","slot":"weeknight","phase":"late","cell_key":"category:club:weeknight"},"signals":{"hour_phase":-0.4}}
{"venue_id":"lisbon-trombeta-bath","timestamp_utc":"2026-10-06T04:12:37.311Z","p_pred":0.401312339887548,"p_prior":0.5,"features":{"category":"sauna","slot":"weeknight","phase":"late","cell_key":"category:sauna:weeknight"},"signals":{"hour_phase":-0.4}}
{"venue_id":"london-sweatbox-soho","timestamp_utc":"2026-10-06T04:12:37.316Z","p_pred":0.3775406687981454,"p_prior":0.5,"features":{"category":"sauna","slot":"weeknight","phase":"early","cell_key":"category:sauna:weeknight"},"signals":{"hour_phase":-0.5}}
{"venue_id":"los-angeles-the-abbey","timestamp_utc":"2026-10-06T04:12:37.318Z","p_pred":0.4403976865027794,"p_prior":0.38,"features":{"category":"bar","slot":"weeknight","phase":"peak","cell_key":"category:bar:weeknight"},"signals":{"hour_phase":0.25}}
{"venue_id":"los-angeles-mickys","timestamp_utc":"2026-10-06T04:12:37.318Z","p_pred":0.4818146769645755,"p_prior":0.42000000000000004,"features":{"category":"club","slot":"weeknight","phase":"peak","cell_key":"category:club:weeknight"},"signals":{"hour_phase":0.25}}
{"venue_id":"los-angeles-revolver","timestamp_utc":"2026-10-06T04:12:37.319Z","p_pred":0.4403976865027794,"p_prior":0.38,"features":{"category":"bar","slot":"weeknight","phase":"peak","cell_key":"category:bar:weeknight"},"signals":{"hour_phase":0.25}}
{"venue_id":"los-angeles-trunks","timestamp_utc":"2026-10-06T04:12:37.319Z","p_pred":0.4403976865027794,"p_prior":0.38,"features":{"category":"bar","slot":"weeknight","phase":"peak","cell_key":"category:bar:weeknight"},"signals":{"hour_phase":0.25}}
{"venue_id":"los-angeles-gym-bar","timestamp_utc":"2026-10-06T04:12:37.319Z","p_pred":0.4403976865027794,"p_prior":0.38,"features":{"category":"bar","slot":"weeknight","phase":"peak","cell_key":"category:bar:weeknight"},"signals":{"hour_phase":0.25}}
{"venue_id":"los-angeles-mother-lode","timestamp_utc":"2026-10-06T04:12:37.319Z","p_pred":0.4403976865027794,"p_prior":0.38,"features":{"category":"bar","slot":"weeknight","phase":"peak","cell_key":"category:bar:weeknight"},"signals":{"hour_phase":0.25}}
{"venue_id":"los-angeles-eagle-la","timestamp_utc":"2026-10-06T04:12:37.320Z","p_pred":0.4403976865027794,"p_prior":0.38,"features":{"category":"bar","slot":"weeknight","phase":"peak","cell_key":"category:bar:weeknight"},"signals":{"hour_phase":0.25}}
{"venue_id":"los-angeles-flex-spas","timestamp_utc":"2026-10-06T04:12:37.322Z","p_pred":0.5621765008857981,"p_prior":0.5,"features":{"category":"sauna","slot":"weeknight","phase":"peak","cell_key":"category:sauna:weeknight"},"signals":{"hour_phase":0.25}}
{"venue_id":"madrid-sauna-center","timestamp_utc":"2026-10-06T04:12:37.324Z","p_pred":0.3775406687981454,"p_prior":0.5,"features":{"category":"sauna","slot":"weeknight","phase":"early","cell_key":"category:sauna:weeknight"},"signals":{"hour_phase":-0.5}}
{"venue_id":"manchester-cruz-101","timestamp_utc":"2026-10-06T04:12:37.328Z","p_pred":0.30517526303504333,"p_prior":0.42000000000000004,"features":{"category":"club","slot":"weeknight","phase":"early","cell_key":"category:club:weeknight"},"signals":{"hour_phase":-0.5}}
{"venue_id":"melbourne-wet-on-wellington","timestamp_utc":"2026-10-06T04:12:37.334Z","p_pred":0.3775406687981454,"p_prior":0.5,"features":{"category":"sauna","slot":"weeknight","phase":"early","cell_key":"category:sauna:weeknight"},"signals":{"hour_phase":-0.5}}
{"venue_id":"melbourne-subway-sauna","timestamp_utc":"2026-10-06T04:12:37.334Z","p_pred":0.3775406687981454,"p_prior":0.5,"features":{"category":"sauna","slot":"weeknight","phase":"early","cell_key":"category:sauna:weeknight"},"signals":{"hour_phase":-0.5}}
{"venue_id":"mexico-city-sodome","timestamp_utc":"2026-10-06T04:12:37.337Z","p_pred":0.5621765008857981,"p_prior":0.5,"features":{"category":"sauna","slot":"weeknight","phase":"peak","cell_key":"category:sauna:weeknight"},"signals":{"hour_phase":0.25}}
{"venue_id":"miami-twist","timestamp_utc":"2026-10-06T04:12:37.339Z","p_pred":0.4818146769645755,"p_prior":0.42000000000000004,"features":{"category":"club","slot":"weeknight","phase":"peak","cell_key":"category:club:weeknight"},"signals":{"hour_phase":0.25}}
{"venue_id":"miami-georgies-alibi-monkey-bar","timestamp_utc":"2026-10-06T04:12:37.339Z","p_pred":0.4403976865027794,"p_prior":0.38,"features":{"category":"bar","slot":"weeknight","phase":"peak","cell_key":"category:bar:weeknight"},"signals":{"hour_phase":0.25}}
{"venue_id":"miami-palace-bar-restaurant","timestamp_utc":"2026-10-06T04:12:37.340Z","p_pred":0.29120306666643375,"p_prior":0.38,"features":{"category":"bar","slot":"weeknight","phase":"late","cell_key":"category:bar:weeknight"},"signals":{"hour_phase":-0.4}}
{"venue_id":"miami-eagle-wilton-manors","timestamp_utc":"2026-10-06T04:12:37.341Z","p_pred":0.4403976865027794,"p_prior":0.38,"features":{"category":"bar","slot":"weeknight","phase":"peak","cell_key":"category:bar:weeknight"},"signals":{"hour_phase":0.25}}
{"venue_id":"miami-hunters-nightclub","timestamp_utc":"2026-10-06T04:12:37.341Z","p_pred":0.4818146769645755,"p_prior":0.42000000000000004,"features":{"category":"club","slot":"weeknight","phase":"peak","cell_key":"category:club:weeknight"},"signals":{"hour_phase":0.25}}
{"venue_id":"miami-club-aqua-miami","timestamp_utc":"2026-10-06T04:12:37.345Z","p_pred":0.5621765008857981,"p_prior":0.5,"features":{"category":"sauna","slot":"weeknight","phase":"peak","cell_key":"category:sauna:weeknight"},"signals":{"hour_phase":0.25}}
{"venue_id":"milan-illumined","timestamp_utc":"2026-10-06T04:12:37.351Z","p_pred":0.28792871203468484,"p_prior":0.4,"features":{"category":"cruise","slot":"weeknight","phase":"early","cell_key":"category:cruise:weeknight"},"signals":{"hour_phase":-0.5}}
{"venue_id":"montevideo-cain-dance","timestamp_utc":"2026-10-06T04:12:37.352Z","p_pred":0.4818146769645755,"p_prior":0.42000000000000004,"features":{"category":"club","slot":"weeknight","phase":"peak","cell_key":"category:club:weeknight"},"signals":{"hour_phase":0.25}}
{"venue_id":"montreal-cabaret-mado","timestamp_utc":"2026-10-06T04:12:37.355Z","p_pred":0.4403976865027794,"p_prior":0.38,"features":{"category":"bar","slot":"weeknight","phase":"peak","cell_key":"category:bar:weeknight"},"signals":{"hour_phase":0.25}}
{"venue_id":"montreal-bar-le-cocktail","timestamp_utc":"2026-10-06T04:12:37.355Z","p_pred":0.4403976865027794,"p_prior":0.38,"features":{"category":"bar","slot":"weeknight","phase":"peak","cell_key":"category:bar:weeknight"},"signals":{"hour_phase":0.25}}
{"venue_id":"montreal-le-stud","timestamp_utc":"2026-10-06T04:12:37.356Z","p_pred":0.4403976865027794,"p_prior":0.38,"features":{"category":"bar","slot":"weeknight","phase":"peak","cell_key":"category:bar:weeknight"},"signals":{"hour_phase":0.25}}
{"venue_id":"montreal-sauna-g-i-joe","timestamp_utc":"2026-10-06T04:12:37.357Z","p_pred":0.5621765008857981,"p_prior":0.5,"features":{"category":"sauna","slot":"weeknight","phase":"peak","cell_key":"category:sauna:weeknight"},"signals":{"hour_phase":0.25}}
{"venue_id":"new-york-the-stonewall-inn","timestamp_utc":"2026-10-06T04:12:37.360Z","p_pred":0.4403976865027794,"p_prior":0.38,"features":{"category":"bar","slot":"weeknight","phase":"peak","cell_key":"category:bar:weeknight"},"signals":{"hour_phase":0.25}}
{"venue_id":"new-york-industry-bar","timestamp_utc":"2026-10-06T04:12:37.361Z","p_pred":0.4818146769645755,"p_prior":0.42000000000000004,"features":{"category":"club","slot":"weeknight","phase":"peak","cell_key":"category:club:weeknight"},"signals":{"hour_phase":0.25}}
{"venue_id":"new-york-julius","timestamp_utc":"2026-10-06T04:12:37.361Z","p_pred":0.4403976865027794,"p_prior":0.38,"features":{"category":"bar","slot":"weeknight","phase":"peak","cell_key":"category:bar:weeknight"},"signals":{"hour_phase":0.25}}
{"venue_id":"new-york-the-eagle-nyc","timestamp_utc":"2026-10-06T04:12:37.362Z","p_pred":0.4403976865027794,"p_prior":0.38,"features":{"category":"bar","slot":"weeknight","phase":"peak","cell_key":"category:bar:weeknight"},"signals":{"hour_phase":0.25}}
{"venue_id":"new-york-hardware","timestamp_utc":"2026-10-06T04:12:37.362Z","p_pred":0.4403976865027794,"p_prior":0.38,"features":{"category":"bar","slot":"weeknight","phase":"peak","cell_key":"category:bar:weeknight"},"signals":{"hour_phase":0.25}}
{"venue_id":"new-york-vers","timestamp_utc":"2026-10-06T04:12:37.362Z","p_pred":0.4403976865027794,"p_prior":0.38,"features":{"category":"bar","slot":"weeknight","phase":"peak","cell_key":"category:bar:weeknight"},"signals":{"hour_phase":0.25}}
{"venue_id":"new-york-east-side-club","timestamp_utc":"2026-10-06T04:12:37.364Z","p_pred":0.5621765008857981,"p_prior":0.5,"features":{"category":"sauna","slot":"weeknight","phase":"peak","cell_key":"category:sauna:weeknight"},"signals":{"hour_phase":0.25}}
{"venue_id":"puerto-vallarta-la-noche","timestamp_utc":"2026-10-06T04:12:37.369Z","p_pred":0.4818146769645755,"p_prior":0.42000000000000004,"features":{"category":"club","slot":"weeknight","phase":"peak","cell_key":"category:club:weeknight"},"signals":{"hour_phase":0.25}}
{"venue_id":"puerto-vallarta-cc-slaughters","timestamp_utc":"2026-10-06T04:12:37.369Z","p_pred":0.4818146769645755,"p_prior":0.42000000000000004,"features":{"category":"club","slot":"weeknight","phase":"peak","cell_key":"category:club:weeknight"},"signals":{"hour_phase":0.25}}
{"venue_id":"puerto-vallarta-pacos-ranch","timestamp_utc":"2026-10-06T04:12:37.370Z","p_pred":0.4818146769645755,"p_prior":0.42000000000000004,"features":{"category":"club","slot":"weeknight","phase":"peak","cell_key":"category:club:weeknight"},"signals":{"hour_phase":0.25}}
{"venue_id":"puerto-vallarta-apaches-martini-bar","timestamp_utc":"2026-10-06T04:12:37.371Z","p_pred":0.4403976865027794,"p_prior":0.38,"features":{"category":"bar","slot":"weeknight","phase":"peak","cell_key":"category:bar:weeknight"},"signals":{"hour_phase":0.25}}
{"venue_id":"puerto-vallarta-mr-flamingo","timestamp_utc":"2026-10-06T04:12:37.371Z","p_pred":0.4403976865027794,"p_prior":0.38,"features":{"category":"bar","slot":"weeknight","phase":"peak","cell_key":"category:bar:weeknight"},"signals":{"hour_phase":0.25}}
{"venue_id":"puerto-vallarta-industry-night-club","timestamp_utc":"2026-10-06T04:12:37.371Z","p_pred":0.4818146769645755,"p_prior":0.42000000000000004,"features":{"category":"club","slot":"weeknight","phase":"peak","cell_key":"category:club:weeknight"},"signals":{"hour_phase":0.25}}
{"venue_id":"puerto-vallarta-spartacus-sauna","timestamp_utc":"2026-10-06T04:12:37.373Z","p_pred":0.5621765008857981,"p_prior":0.5,"features":{"category":"sauna","slot":"weeknight","phase":"peak","cell_key":"category:sauna:weeknight"},"signals":{"hour_phase":0.25}}
{"venue_id":"rio-de-janeiro-pink-flamingo","timestamp_utc":"2026-10-06T04:12:37.375Z","p_pred":0.4403976865027794,"p_prior":0.38,"features":{"category":"bar","slot":"weeknight","phase":"peak","cell_key":"category:bar:weeknight"},"signals":{"hour_phase":0.25}}
{"venue_id":"rio-de-janeiro-silencio","timestamp_utc":"2026-10-06T04:12:37.376Z","p_pred":0.29120306666643375,"p_prior":0.38,"features":{"category":"bar","slot":"weeknight","phase":"late","cell_key":"category:bar:weeknight"},"signals":{"hour_phase":-0.4}}
{"venue_id":"rio-de-janeiro-tau-bar-club","timestamp_utc":"2026-10-06T04:12:37.377Z","p_pred":0.4403976865027794,"p_prior":0.38,"features":{"category":"bar","slot":"weeknight","phase":"peak","cell_key":"category:bar:weeknight"},"signals":{"hour_phase":0.25}}
{"venue_id":"san-francisco-twin-peaks-tavern","timestamp_utc":"2026-10-06T04:12:37.388Z","p_pred":0.4403976865027794,"p_prior":0.38,"features":{"category":"bar","slot":"weeknight","phase":"peak","cell_key":"category:bar:weeknight"},"signals":{"hour_phase":0.25}}
{"venue_id":"san-francisco-the-edge","timestamp_utc":"2026-10-06T04:12:37.388Z","p_pred":0.4403976865027794,"p_prior":0.38,"features":{"category":"bar","slot":"weeknight","phase":"peak","cell_key":"category:bar:weeknight"},"signals":{"hour_phase":0.25}}
{"venue_id":"san-francisco-hi-tops","timestamp_utc":"2026-10-06T04:12:37.388Z","p_pred":0.4403976865027794,"p_prior":0.38,"features":{"category":"bar","slot":"weeknight","phase":"peak","cell_key":"category:bar:weeknight"},"signals":{"hour_phase":0.25}}
{"venue_id":"san-francisco-badlands","timestamp_utc":"2026-10-06T04:12:37.389Z","p_pred":0.4403976865027794,"p_prior":0.38,"features":{"category":"bar","slot":"weeknight","phase":"peak","cell_key":"category:bar:weeknight"},"signals":{"hour_phase":0.25}}
{"venue_id":"san-francisco-lookout","timestamp_utc":"2026-10-06T04:12:37.389Z","p_pred":0.4403976865027794,"p_prior":0.38,"features":{"category":"bar","slot":"weeknight","phase":"peak","cell_key":"category:bar:weeknight"},"signals":{"hour_phase":0.25}}
{"venue_id":"san-francisco-sf-eagle","timestamp_utc":"2026-10-06T04:12:37.392Z","p_pred":0.4612118154493698,"p_prior":0.4,"features":{"category":"cruise","slot":"weeknight","phase":"peak","cell_key":"category:cruise:weeknight"},"signals":{"hour_phase":0.25}}
{"venue_id":"santiago-dionisio-divas","timestamp_utc":"2026-10-06T04:12:37.394Z","p_pred":0.5647473447816507,"p_prior":0.38,"features":{"category":"bar","slot":"weeknight","phase":"peak","cell_key":"category:bar:weeknight"},"signals":{"hour_phase":0.25,"recurring_night":1}}
{"venue_id":"sao-paulo-a-loca","timestamp_utc":"2026-10-06T04:12:37.397Z","p_pred":0.4818146769645755,"p_prior":0.42000000000000004,"features":{"category":"club","slot":"weeknight","phase":"peak","cell_key":"category:club:weeknight"},"signals":{"hour_phase":0.25}}
{"venue_id":"sao-paulo-hotel-chilli","timestamp_utc":"2026-10-06T04:12:37.398Z","p_pred":0.5621765008857981,"p_prior":0.5,"features":{"category":"sauna","slot":"weeknight","phase":"peak","cell_key":"category:sauna:weeknight"},"signals":{"hour_phase":0.25}}
{"venue_id":"sao-paulo-dedalos-bar","timestamp_utc":"2026-10-06T04:12:37.399Z","p_pred":0.4612118154493698,"p_prior":0.4,"features":{"category":"cruise","slot":"weeknight","phase":"peak","cell_key":"category:cruise:weeknight"},"signals":{"hour_phase":0.25}}
{"venue_id":"seattle-pony","timestamp_utc":"2026-10-06T04:12:37.402Z","p_pred":0.4403976865027794,"p_prior":0.38,"features":{"category":"bar","slot":"weeknight","phase":"peak","cell_key":"category:bar:weeknight"},"signals":{"hour_phase":0.25}}
{"venue_id":"seattle-unicorn","timestamp_utc":"2026-10-06T04:12:37.402Z","p_pred":0.4403976865027794,"p_prior":0.38,"features":{"category":"bar","slot":"weeknight","phase":"peak","cell_key":"category:bar:weeknight"},"signals":{"hour_phase":0.25}}
{"venue_id":"seattle-diesel","timestamp_utc":"2026-10-06T04:12:37.403Z","p_pred":0.4403976865027794,"p_prior":0.38,"features":{"category":"bar","slot":"weeknight","phase":"peak","cell_key":"category:bar:weeknight"},"signals":{"hour_phase":0.25}}
{"venue_id":"seattle-eagle-seattle","timestamp_utc":"2026-10-06T04:12:37.403Z","p_pred":0.4403976865027794,"p_prior":0.38,"features":{"category":"bar","slot":"weeknight","phase":"peak","cell_key":"category:bar:weeknight"},"signals":{"hour_phase":0.25}}
{"venue_id":"seattle-steamworks-seattle","timestamp_utc":"2026-10-06T04:12:37.405Z","p_pred":0.5621765008857981,"p_prior":0.5,"features":{"category":"sauna","slot":"weeknight","phase":"peak","cell_key":"category:sauna:weeknight"},"signals":{"hour_phase":0.25}}
{"venue_id":"seattle-club-z","timestamp_utc":"2026-10-06T04:12:37.406Z","p_pred":0.5621765008857981,"p_prior":0.5,"features":{"category":"sauna","slot":"weeknight","phase":"peak","cell_key":"category:sauna:weeknight"},"signals":{"hour_phase":0.25}}
{"venue_id":"sydney-the-oxford-hotel","timestamp_utc":"2026-10-06T04:12:37.407Z","p_pred":0.27100132084400974,"p_prior":0.38,"features":{"category":"bar","slot":"weeknight","phase":"early","cell_key":"category:bar:weeknight"},"signals":{"hour_phase":-0.5}}
{"venue_id":"sydney-the-colombian-hotel","timestamp_utc":"2026-10-06T04:12:37.407Z","p_pred":0.27100132084400974,"p_prior":0.38,"features":{"category":"bar","slot":"weeknight","phase":"early","cell_key":"category:bar:weeknight"},"signals":{"hour_phase":-0.5}}
{"venue_id":"sydney-the-beresford","timestamp_utc":"2026-10-06T04:12:37.408Z","p_pred":0.27100132084400974,"p_prior":0.38,"features":{"category":"bar","slot":"weeknight","phase":"early","cell_key":"category:bar:weeknight"},"signals":{"hour_phase":-0.5}}
{"venue_id":"sydney-stonewall-newtown","timestamp_utc":"2026-10-06T04:12:37.409Z","p_pred":0.27100132084400974,"p_prior":0.38,"features":{"category":"bar","slot":"weeknight","phase":"early","cell_key":"category:bar:weeknight"},"signals":{"hour_phase":-0.5}}
{"venue_id":"sydney-sydney-sauna","timestamp_utc":"2026-10-06T04:12:37.412Z","p_pred":0.3775406687981454,"p_prior":0.5,"features":{"category":"sauna","slot":"weeknight","phase":"early","cell_key":"category:sauna:weeknight"},"signals":{"hour_phase":-0.5}}
{"venue_id":"taipei-commander-d","timestamp_utc":"2026-10-06T04:12:37.413Z","p_pred":0.27100132084400974,"p_prior":0.38,"features":{"category":"bar","slot":"weeknight","phase":"early","cell_key":"category:bar:weeknight"},"signals":{"hour_phase":-0.5}}
{"venue_id":"taipei-tianlong-sauna","timestamp_utc":"2026-10-06T04:12:37.415Z","p_pred":0.3775406687981454,"p_prior":0.5,"features":{"category":"sauna","slot":"weeknight","phase":"early","cell_key":"category:sauna:weeknight"},"signals":{"hour_phase":-0.5}}
{"venue_id":"tel-aviv-masks","timestamp_utc":"2026-10-06T04:12:37.416Z","p_pred":0.30517526303504333,"p_prior":0.42000000000000004,"features":{"category":"club","slot":"weeknight","phase":"early","cell_key":"category:club:weeknight"},"signals":{"hour_phase":-0.5}}
{"venue_id":"tokyo-aisotope-lounge","timestamp_utc":"2026-10-06T04:12:37.418Z","p_pred":0.30517526303504333,"p_prior":0.42000000000000004,"features":{"category":"club","slot":"weeknight","phase":"early","cell_key":"category:club:weeknight"},"signals":{"hour_phase":-0.5}}
{"venue_id":"toronto-crews-tangos","timestamp_utc":"2026-10-06T04:12:37.419Z","p_pred":0.4818146769645755,"p_prior":0.42000000000000004,"features":{"category":"club","slot":"weeknight","phase":"peak","cell_key":"category:club:weeknight"},"signals":{"hour_phase":0.25}}
{"venue_id":"toronto-pegasus-on-church","timestamp_utc":"2026-10-06T04:12:37.419Z","p_pred":0.4403976865027794,"p_prior":0.38,"features":{"category":"bar","slot":"weeknight","phase":"peak","cell_key":"category:bar:weeknight"},"signals":{"hour_phase":0.25}}
{"venue_id":"toronto-flash-on-church","timestamp_utc":"2026-10-06T04:12:37.420Z","p_pred":0.4818146769645755,"p_prior":0.42000000000000004,"features":{"category":"club","slot":"weeknight","phase":"peak","cell_key":"category:club:weeknight"},"signals":{"hour_phase":0.25}}
{"venue_id":"toronto-ogradys-on-church","timestamp_utc":"2026-10-06T04:12:37.421Z","p_pred":0.4403976865027794,"p_prior":0.38,"features":{"category":"bar","slot":"weeknight","phase":"peak","cell_key":"category:bar:weeknight"},"signals":{"hour_phase":0.25}}
{"venue_id":"toronto-steamworks-baths","timestamp_utc":"2026-10-06T04:12:37.423Z","p_pred":0.5621765008857981,"p_prior":0.5,"features":{"category":"sauna","slot":"weeknight","phase":"peak","cell_key":"category:sauna:weeknight"},"signals":{"hour_phase":0.25}}
{"venue_id":"vancouver-the-junction","timestamp_utc":"2026-10-06T04:12:37.424Z","p_pred":0.4403976865027794,"p_prior":0.38,"features":{"category":"bar","slot":"weeknight","phase":"peak","cell_key":"category:bar:weeknight"},"signals":{"hour_phase":0.25}}
{"venue_id":"vancouver-pumpjack-pub","timestamp_utc":"2026-10-06T04:12:37.425Z","p_pred":0.4403976865027794,"p_prior":0.38,"features":{"category":"bar","slot":"weeknight","phase":"peak","cell_key":"category:bar:weeknight"},"signals":{"hour_phase":0.25}}
{"venue_id":"vancouver-score-on-davie","timestamp_utc":"2026-10-06T04:12:37.425Z","p_pred":0.4403976865027794,"p_prior":0.38,"features":{"category":"bar","slot":"weeknight","phase":"peak","cell_key":"category:bar:weeknight"},"signals":{"hour_phase":0.25}}
{"venue_id":"vancouver-the-fountainhead-pub","timestamp_utc":"2026-10-06T04:12:37.426Z","p_pred":0.4403976865027794,"p_prior":0.38,"features":{"category":"bar","slot":"weeknight","phase":"peak","cell_key":"category:bar:weeknight"},"signals":{"hour_phase":0.25}}
{"venue_id":"vancouver-steamworks-vancouver","timestamp_utc":"2026-10-06T04:12:37.429Z","p_pred":0.5621765008857981,"p_prior":0.5,"features":{"category":"sauna","slot":"weeknight","phase":"peak","cell_key":"category:sauna:weeknight"},"signals":{"hour_phase":0.25}}
{"venue_id":"washington-dc-trade","timestamp_utc":"2026-10-06T04:12:37.430Z","p_pred":0.4403976865027794,"p_prior":0.38,"features":{"category":"bar","slot":"weeknight","phase":"peak","cell_key":"category:bar:weeknight"},"signals":{"hour_phase":0.25}}
{"venue_id":"washington-dc-number-nine","timestamp_utc":"2026-10-06T04:12:37.430Z","p_pred":0.4403976865027794,"p_prior":0.38,"features":{"category":"bar","slot":"weeknight","phase":"peak","cell_key":"category:bar:weeknight"},"signals":{"hour_phase":0.25}}
{"venue_id":"washington-dc-the-fireplace","timestamp_utc":"2026-10-06T04:12:37.430Z","p_pred":0.4403976865027794,"p_prior":0.38,"features":{"category":"bar","slot":"weeknight","phase":"peak","cell_key":"category:bar:weeknight"},"signals":{"hour_phase":0.25}}
{"venue_id":"washington-dc-crew-club","timestamp_utc":"2026-10-06T04:12:37.432Z","p_pred":0.5621765008857981,"p_prior":0.5,"features":{"category":"sauna","slot":"weeknight","phase":"peak","cell_key":"category:sauna:weeknight"},"signals":{"hour_phase":0.25}}
{"venue_id":"bangkok-the-stranger-bar","timestamp_utc":"2026-10-06T04:19:13.078Z","p_pred":0.27100132084400974,"p_prior":0.38,"features":{"category":"bar","slot":"weeknight","phase":"early","cell_key":"category:bar:weeknight"},"signals":{"hour_phase":-0.5}}
{"venue_id":"berlin-bull-berlin","timestamp_utc":"2026-10-06T04:19:13.090Z","p_pred":0.28792871203468484,"p_prior":0.4,"features":{"category":"cruise","slot":"weeknight","phase":"early","cell_key":"category:cruise:weeknight"},"signals":{"hour_phase":-0.5}}
{"venue_id":"berlin-kitkatclub","timestamp_utc":"2026-10-06T04:19:13.090Z","p_pred":0.30885769463359225,"p_prior":0.4,"features":{"category":"sex","slot":"weeknight","phase":"late","cell_key":"category:sex:weeknight"},"signals":{"hour_phase":-0.4}}
{"venue_id":"bogota-leos-bar-mistica","timestamp_utc":"2026-10-06T04:19:13.095Z","p_pred":0.4403976865027794,"p_prior":0.38,"features":{"category":"bar","slot":"weeknight","phase":"peak","cell_key":"category:bar:weeknight"},"signals":{"hour_phase":0.25}}
{"venue_id":"bogota-punto-59","timestamp_utc":"2026-10-06T04:19:13.096Z","p_pred":0.4818146769645755,"p_prior":0.42000000000000004,"features":{"category":"club","slot":"weeknight","phase":"peak","cell_key":"category:club:weeknight"},"signals":{"hour_phase":0.25}}
{"venue_id":"bogota-perro-calandria","timestamp_utc":"2026-10-06T04:19:13.097Z","p_pred":0.4403976865027794,"p_prior":0.38,"features":{"category":"bar","slot":"weeknight","phase":"peak","cell_key":"category:bar:weeknight"},"signals":{"hour_phase":0.25}}
{"venue_id":"bogota-recreo-adan","timestamp_utc":"2026-10-06T04:19:13.098Z","p_pred":0.4403976865027794,"p_prior":0.38,"features":{"category":"bar","slot":"weeknight","phase":"peak","cell_key":"category:bar:weeknight"},"signals":{"hour_phase":0.25}}
{"venue_id":"bogota-brokeback","timestamp_utc":"2026-10-06T04:19:13.098Z","p_pred":0.4403976865027794,"p_prior":0.38,"features":{"category":"bar","slot":"weeknight","phase":"peak","cell_key":"category:bar:weeknight"},"signals":{"hour_phase":0.25}}
{"venue_id":"chicago-sidetrack","timestamp_utc":"2026-10-06T04:19:13.111Z","p_pred":0.5647473447816507,"p_prior":0.38,"features":{"category":"bar","slot":"weeknight","phase":"peak","cell_key":"category:bar:weeknight"},"signals":{"hour_phase":0.25,"recurring_night":1}}
{"venue_id":"chicago-roscoes-tavern","timestamp_utc":"2026-10-06T04:19:13.111Z","p_pred":0.4403976865027794,"p_prior":0.38,"features":{"category":"bar","slot":"weeknight","phase":"peak","cell_key":"category:bar:weeknight"},"signals":{"hour_phase":0.25}}
{"venue_id":"chicago-hydrate","timestamp_utc":"2026-10-06T04:19:13.112Z","p_pred":0.4818146769645755,"p_prior":0.42000000000000004,"features":{"category":"club","slot":"weeknight","phase":"peak","cell_key":"category:club:weeknight"},"signals":{"hour_phase":0.25}}
{"venue_id":"chicago-touche","timestamp_utc":"2026-10-06T04:19:13.113Z","p_pred":0.4403976865027794,"p_prior":0.38,"features":{"category":"bar","slot":"weeknight","phase":"peak","cell_key":"category:bar:weeknight"},"signals":{"hour_phase":0.25}}
{"venue_id":"chicago-charlies","timestamp_utc":"2026-10-06T04:19:13.113Z","p_pred":0.4403976865027794,"p_prior":0.38,"features":{"category":"bar","slot":"weeknight","phase":"peak","cell_key":"category:bar:weeknight"},"signals":{"hour_phase":0.25}}
{"venue_id":"chicago-steamworks","timestamp_utc":"2026-10-06T04:19:13.115Z","p_pred":0.5621765008857981,"p_prior":0.5,"features":{"category":"sauna","slot":"weeknight","phase":"peak","cell_key":"category:sauna:weeknight"},"signals":{"hour_phase":0.25}}
{"venue_id":"cologne-die-mumu","timestamp_utc":"2026-10-06T04:19:13.117Z","p_pred":0.27100132084400974,"p_prior":0.38,"features":{"category":"bar","slot":"weeknight","phase":"early","cell_key":"category:bar:weeknight"},"signals":{"hour_phase":-0.5}}
{"venue_id":"cologne-schampanja","timestamp_utc":"2026-10-06T04:19:13.117Z","p_pred":0.27100132084400974,"p_prior":0.38,"features":{"category":"bar","slot":"weeknight","phase":"early","cell_key":"category:bar:weeknight"},"signals":{"hour_phase":-0.5}}
{"venue_id":"fort-lauderdale-georgies-alibi","timestamp_utc":"2026-10-06T04:19:13.121Z","p_pred":0.4403976865027794,"p_prior":0.38,"features":{"category":"bar","slot":"weeknight","phase":"peak","cell_key":"category:bar:weeknight"},"signals":{"hour_phase":0.25}}
{"venue_id":"fort-lauderdale-hunters","timestamp_utc":"2026-10-06T04:19:13.122Z","p_pred":0.4818146769645755,"p_prior":0.42000000000000004,"features":{"category":"club","slot":"weeknight","phase":"peak","cell_key":"category:club:weeknight"},"signals":{"hour_phase":0.25}}
{"venue_id":"fort-lauderdale-eagle","timestamp_utc":"2026-10-06T04:19:13.123Z","p_pred":0.4403976865027794,"p_prior":0.38,"features":{"category":"bar","slot":"weeknight","phase":"peak","cell_key":"category:bar:weeknight"},"signals":{"hour_phase":0.25}}
{"venue_id":"fort-lauderdale-drynk","timestamp_utc":"2026-10-06T04:19:13.123Z","p_pred":0.4403976865027794,"p_prior":0.38,"features":{"category":"bar","slot":"weeknight","phase":"peak","cell_key":"category:bar:weeknight"},"signals":{"hour_phase":0.25}}
{"venue_id":"fort-lauderdale-the-club","timestamp_utc":"2026-10-06T04:19:13.127Z","p_pred":0.5621765008857981,"p_prior":0.5,"features":{"category":"sauna","slot":"weeknight","phase":"peak","cell_key":"category:sauna:weeknight"},"signals":{"hour_phase":0.25}}
{"venue_id":"hong-kong-flm","timestamp_utc":"2026-10-06T04:19:13.216Z","p_pred":0.27100132084400974,"p_prior":0.38,"features":{"category":"bar","slot":"weeknight","phase":"early","cell_key":"category:bar:weeknight"},"signals":{"hour_phase":-0.5}}
{"venue_id":"lima-valetodo-downtown","timestamp_utc":"2026-10-06T04:19:13.303Z","p_pred":0.4818146769645755,"p_prior":0.42000000000000004,"features":{"category":"club","slot":"weeknight","phase":"peak","cell_key":"category:club:weeknight"},"signals":{"hour_phase":0.25}}
{"venue_id":"lisbon-finalmente-club","timestamp_utc":"2026-10-06T04:19:13.320Z","p_pred":0.3267825556549316,"p_prior":0.42000000000000004,"features":{"category":"club","slot":"weeknight","phase":"late","cell_key":"category:club:weeknight"},"signals":{"hour_phase":-0.4}}
{"venue_id":"lisbon-trombeta-bath","timestamp_utc":"2026-10-06T04:19:13.329Z","p_pred":0.401312339887548,"p_prior":0.5,"features":{"category":"sauna","slot":"weeknight","phase":"late","cell_key":"category:sauna:weeknight"},"signals":{"hour_phase":-0.4}}
{"venue_id":"london-sweatbox-soho","timestamp_utc":"2026-10-06T04:19:13.360Z","p_pred":0.3775406687981454,"p_prior":0.5,"features":{"category":"sauna","slot":"weeknight","phase":"early","cell_key":"category:sauna:weeknight"},"signals":{"hour_phase":-0.5}}
{"venue_id":"los-angeles-the-abbey","timestamp_utc":"2026-10-06T04:19:13.372Z","p_pred":0.4403976865027794,"p_prior":0.38,"features":{"category":"bar","slot":"weeknight","phase":"peak","cell_key":"category:bar:weeknight"},"signals":{"hour_phase":0.25}}
{"venue_id":"los-angeles-mickys","timestamp_utc":"2026-10-06T04:19:13.398Z","p_pred":0.4818146769645755,"p_prior":0.42000000000000004,"features":{"category":"club","slot":"weeknight","phase":"peak","cell_key":"category:club:weeknight"},"signals":{"hour_phase":0.25}}
{"venue_id":"los-angeles-revolver","timestamp_utc":"2026-10-06T04:19:13.400Z","p_pred":0.4403976865027794,"p_prior":0.38,"features":{"category":"bar","slot":"weeknight","phase":"peak","cell_key":"category:bar:weeknight"},"signals":{"hour_phase":0.25}}
{"venue_id":"los-angeles-trunks","timestamp_utc":"2026-10-06T04:19:13.403Z","p_pred":0.4403976865027794,"p_prior":0.38,"features":{"category":"bar","slot":"weeknight","phase":"peak","cell_key":"category:bar:weeknight"},"signals":{"hour_phase":0.25}}
{"venue_id":"los-angeles-gym-bar","timestamp_utc":"2026-10-06T04:19:13.404Z","p_pred":0.4403976865027794,"p_prior":0.38,"features":{"category":"bar","slot":"weeknight","phase":"peak","cell_key":"category:bar:weeknight"},"signals":{"hour_phase":0.25}}
{"venue_id":"los-angeles-mother-lode","timestamp_utc":"2026-10-06T04:19:13.405Z","p_pred":0.4403976865027794,"p_prior":0.38,"features":{"category":"bar","slot":"weeknight","phase":"peak","cell_key":"category:bar:weeknight"},"signals":{"hour_phase":0.25}}
{"venue_id":"los-angeles-eagle-la","timestamp_utc":"2026-10-06T04:19:13.440Z","p_pred":0.4403976865027794,"p_prior":0.38,"features":{"category":"bar","slot":"weeknight","phase":"peak","cell_key":"category:bar:weeknight"},"signals":{"hour_phase":0.25}}
{"venue_id":"los-angeles-flex-spas","timestamp_utc":"2026-10-06T04:19:13.447Z","p_pred":0.5621765008857981,"p_prior":0.5,"features":{"category":"sauna","slot":"weeknight","phase":"peak","cell_key":"category:sauna:weeknight"},"signals":{"hour_phase":0.25}}
{"venue_id":"madrid-sauna-center","timestamp_utc":"2026-10-06T04:19:13.456Z","p_pred":0.3775406687981454,"p_prior":0.5,"features":{"category":"sauna","slot":"weeknight","phase":"early","cell_key":"category:sauna:weeknight"},"signals":{"hour_phase":-0.5}}
{"venue_id":"manchester-cruz-101","timestamp_utc":"2026-10-06T04:19:13.463Z","p_pred":0.30517526303504333,"p_prior":0.42000000000000004,"features":{"category":"club","slot":"weeknight","phase":"early","cell_key":"category:club:weeknight"},"signals":{"hour_phase":-0.5}}
{"venue_id":"melbourne-wet-on-wellington","timestamp_utc":"2026-10-06T04:19:13.473Z","p_pred":0.3775406687981454,"p_prior":0.5,"features":{"category":"sauna","slot":"weeknight","phase":"early","cell_key":"category:sauna:weeknight"},"signals":{"hour_phase":-0.5}}
{"venue_id":"melbourne-subway-sauna","timestamp_utc":"2026-10-06T04:19:13.476Z","p_pred":0.3775406687981454,"p_prior":0.5,"features":{"category":"sauna","slot":"weeknight","phase":"early","cell_key":"category:sauna:weeknight"},"signals":{"hour_phase":-0.5}}
{"venue_id":"mexico-city-sodome","timestamp_utc":"2026-10-06T04:19:13.481Z","p_pred":0.5621765008857981,"p_prior":0.5,"features":{"category":"sauna","slot":"weeknight","phase":"peak","cell_key":"category:sauna:weeknight"},"signals":{"hour_phase":0.25}}
{"venue_id":"miami-twist","timestamp_utc":"2026-10-06T04:19:13.499Z","p_pred":0.4818146769645755,"p_prior":0.42000000000000004,"features":{"category":"club","slot":"weeknight","phase":"peak","cell_key":"category:club:weeknight"},"signals":{"hour_phase":0.25}}
{"venue_id":"miami-georgies-alibi-monkey-bar","timestamp_utc":"2026-10-06T04:19:13.499Z","p_pred":0.4403976865027794,"p_prior":0.38,"features":{"category":"bar","slot":"weeknight","phase":"peak","cell_key":"category:bar:weeknight"},"signals":{"hour_phase":0.25}}
{"venue_id":"miami-palace-bar-restaurant","timestamp_utc":"2026-10-06T04:19:13.500Z","p_pred":0.29120306666643375,"p_prior":0.38,"features":{"category":"bar","slot":"weeknight","phase":"late","cell_key":"category:bar:weeknight"},"signals":{"hour_phase":-0.4}}
{"venue_id":"miami-eagle-wilton-manors","timestamp_utc":"2026-10-06T04:19:13.501Z","p_pred":0.4403976865027794,"p_prior":0.38,"features":{"category":"bar","slot":"weeknight","phase":"peak","cell_key":"category:bar:weeknight"},"signals":{"hour_phase":0.25}}
{"venue_id":"miami-hunters-nightclub","timestamp_utc":"2026-10-06T04:19:13.501Z","p_pred":0.4818146769645755,"p_prior":0.42000000000000004,"features":{"category":"club","slot":"weeknight","phase":"peak","cell_key":"category:club:weeknight"},"signals":{"hour_phase":0.25}}
{"venue_id":"miami-club-aqua-miami","timestamp_utc":"2026-10-06T04:19:13.503Z","p_pred":0.5621765008857981,"p_prior":0.5,"features":{"category":"sauna","slot":"weeknight","phase":"peak","cell_key":"category:sauna:weeknight"},"signals":{"hour_phase":0.25}}
{"venue_id":"milan-illumined","timestamp_utc":"2026-10-06T04:19:13.515Z","p_pred":0.28792871203468484,"p_prior":0.4,"features":{"category":"cruise","slot":"weeknight","phase":"early","cell_key":"category:cruise:weeknight"},"signals":{"hour_phase":-0.5}}
{"venue_id":"montevideo-cain-dance","timestamp_utc":"2026-10-06T04:19:13.520Z","p_pred":0.4818146769645755,"p_prior":0.42000000000000004,"features":{"category":"club","slot":"weeknight","phase":"peak","cell_key":"category:club:weeknight"},"signals":{"hour_phase":0.25}}
{"venue_id":"montreal-cabaret-mado","timestamp_utc":"2026-10-06T04:19:13.572Z","p_pred":0.4403976865027794,"p_prior":0.38,"features":{"category":"bar","slot":"weeknight","phase":"peak","cell_key":"category:bar:weeknight"},"signals":{"hour_phase":0.25}}
{"venue_id":"montreal-bar-le-cocktail","timestamp_utc":"2026-10-06T04:19:13.599Z","p_pred":0.4403976865027794,"p_prior":0.38,"features":{"category":"bar","slot":"weeknight","phase":"peak","cell_key":"category:bar:weeknight"},"signals":{"hour_phase":0.25}}
{"venue_id":"montreal-le-stud","timestamp_utc":"2026-10-06T04:19:13.600Z","p_pred":0.4403976865027794,"p_prior":0.38,"features":{"category":"bar","slot":"weeknight","phase":"peak","cell_key":"category:bar:weeknight"},"signals":{"hour_phase":0.25}}
{"venue_id":"montreal-sauna-g-i-joe","timestamp_utc":"2026-10-06T04:19:13.604Z","p_pred":0.5621765008857981,"p_prior":0.5,"features":{"category":"sauna","slot":"weeknight","phase":"peak","cell_key":"category:sauna:weeknight"},"signals":{"hour_phase":0.25}}
{"venue_id":"new-york-the-stonewall-inn","timestamp_utc":"2026-10-06T04:19:13.612Z","p_pred":0.4403976865027794,"p_prior":0.38,"features":{"category":"bar","slot":"weeknight","phase":"peak","cell_key":"category:bar:weeknight"},"signals":{"hour_phase":0.25}}
{"venue_id":"new-york-industry-bar","timestamp_utc":"2026-10-06T04:19:13.613Z","p_pred":0.4818146769645755,"p_prior":0.42000000000000004,"features":{"category":"club","slot":"weeknight","phase":"peak","cell_key":"category:club:weeknight"},"signals":{"hour_phase":0.25}}
{"venue_id":"new-york-julius","timestamp_utc":"2026-10-06T04:19:13.614Z","p_pred":0.4403976865027794,"p_prior":0.38,"features":{"category":"bar","slot":"weeknight","phase":"peak","cell_key":"category:bar:weeknight"},"signals":{"hour_phase":0.25}}
{"venue_id":"new-york-the-eagle-nyc","timestamp_utc":"2026-10-06T04:19:13.614Z","p_pred":0.4403976865027794,"p_prior":0.38,"features":{"category":"bar","slot":"weeknight","phase":"peak","cell_key":"category:bar:weeknight"},"signals":{"hour_phase":0.25}}
{"venue_id":"new-york-hardware","timestamp_utc":"2026-10-06T04:19:13.616Z","p_pred":0.4403976865027794,"p_prior":0.38,"features":{"category":"bar","slot":"weeknight","phase":"peak","cell_key":"category:bar:weeknight"},"signals":{"hour_phase":0.25}}
{"venue_id":"new-york-vers","timestamp_utc":"2026-10-06T04:19:13.618Z","p_pred":0.4403976865027794,"p_prior":0.38,"features":{"category":"bar","slot":"weeknight","phase":"peak","cell_key":"category:bar:weeknight"},"signals":{"hour_phase":0.25}}
{"venue_id":"new-york-east-side-club","timestamp_utc":"2026-10-06T04:19:13.647Z","p_pred":0.5621765008857981,"p_prior":0.5,"features":{"category":"sauna","slot":"weeknight","phase":"peak","cell_key":"category:sauna:weeknight"},"signals":{"hour_phase":0.25}}
{"venue_id":"puerto-vallarta-la-noche","timestamp_utc":"2026-10-06T04:19:13.672Z","p_pred":0.4818146769645755,"p_prior":0.42000000000000004,"features":{"category":"club","slot":"weeknight","phase":"peak","cell_key":"category:club:weeknight"},"signals":{"hour_phase":0.25}}
{"venue_id":"puerto-vallarta-cc-slaughters","timestamp_utc":"2026-10-06T04:19:13.673Z","p_pred":0.4818146769645755,"p_prior":0.42000000000000004,"features":{"category":"club","slot":"weeknight","phase":"peak","cell_key":"category:club:weeknight"},"signals":{"hour_phase":0.25}}
{"venue_id":"puerto-vallarta-pacos-ranch","timestamp_utc":"2026-10-06T04:19:13.674Z","p_pred":0.4818146769645755,"p_prior":0.42000000000000004,"features":{"category":"club","slot":"weeknight","phase":"peak","cell_key":"category:club:weeknight"},"signals":{"hour_phase":0.25}}
{"venue_id":"puerto-vallarta-apaches-martini-bar","timestamp_utc":"2026-10-06T04:19:13.674Z","p_pred":0.4403976865027794,"p_prior":0.38,"features":{"category":"bar","slot":"weeknight","phase":"peak","cell_key":"category:bar:weeknight"},"signals":{"hour_phase":0.25}}
{"venue_id":"puerto-vallarta-mr-flamingo","timestamp_utc":"2026-10-06T04:19:13.674Z","p_pred":0.4403976865027794,"p_prior":0.38,"features":{"category":"bar","slot":"weeknight","phase":"peak","cell_key":"category:bar:weeknight"},"signals":{"hour_phase":0.25}}
{"venue_id":"puerto-vallarta-industry-night-club","timestamp_utc":"2026-10-06T04:19:13.675Z","p_pred":0.4818146769645755,"p_prior":0.42000000000000004,"features":{"category":"club","slot":"weeknight","phase":"peak","cell_key":"category:club:weeknight"},"signals":{"hour_phase":0.25}}
{"venue_id":"puerto-vallarta-spartacus-sauna","timestamp_utc":"2026-10-06T04:19:13.678Z","p_pred":0.5621765008857981,"p_prior":0.5,"features":{"category":"sauna","slot":"weeknight","phase":"peak","cell_key":"category:sauna:weeknight"},"signals":{"hour_phase":0.25}}
{"venue_id":"rio-de-janeiro-pink-flamingo","timestamp_utc":"2026-10-06T04:19:13.684Z","p_pred":0.4403976865027794,"p_prior":0.38,"features":{"category":"bar","slot":"weeknight","phase":"peak","cell_key":"category:bar:weeknight"},"signals":{"hour_phase":0.25}}
{"venue_id":"rio-de-janeiro-silencio","timestamp_utc":"2026-10-06T04:19:13.684Z","p_pred":0.29120306666643375,"p_prior":0.38,"features":{"category":"bar","slot":"weeknight","phase":"late","cell_key":"category:bar:weeknight"},"signals":{"hour_phase":-0.4}}
{"venue_id":"rio-de-janeiro-tau-bar-club","timestamp_utc":"2026-10-06T04:19:13.685Z","p_pred":0.4403976865027794,"p_prior":0.38,"features":{"category":"bar","slot":"weeknight","phase":"peak","cell_key":"category:bar:weeknight"},"signals":{"hour_phase":0.25}}
{"venue_id":"san-francisco-twin-peaks-tavern","timestamp_utc":"2026-10-06T04:19:13.697Z","p_pred":0.4403976865027794,"p_prior":0.38,"features":{"category":"bar","slot":"weeknight","phase":"peak","cell_key":"category:bar:weeknight"},"signals":{"hour_phase":0.25}}
{"venue_id":"san-francisco-the-edge","timestamp_utc":"2026-10-06T04:19:13.697Z","p_pred":0.4403976865027794,"p_prior":0.38,"features":{"category":"bar","slot":"weeknight","phase":"peak","cell_key":"category:bar:weeknight"},"signals":{"hour_phase":0.25}}
{"venue_id":"san-francisco-hi-tops","timestamp_utc":"2026-10-06T04:19:13.697Z","p_pred":0.4403976865027794,"p_prior":0.38,"features":{"category":"bar","slot":"weeknight","phase":"peak","cell_key":"category:bar:weeknight"},"signals":{"hour_phase":0.25}}
{"venue_id":"san-francisco-badlands","timestamp_utc":"2026-10-06T04:19:13.698Z","p_pred":0.4403976865027794,"p_prior":0.38,"features":{"category":"bar","slot":"weeknight","phase":"peak","cell_key":"category:bar:weeknight"},"signals":{"hour_phase":0.25}}
{"venue_id":"san-francisco-lookout","timestamp_utc":"2026-10-06T04:19:13.698Z","p_pred":0.4403976865027794,"p_prior":0.38,"features":{"category":"bar","slot":"weeknight","phase":"peak","cell_key":"category:bar:weeknight"},"signals":{"hour_phase":0.25}}
{"venue_id":"san-francisco-sf-eagle","timestamp_utc":"2026-10-06T04:19:13.699Z","p_pred":0.4612118154493698,"p_prior":0.4,"features":{"category":"cruise","slot":"weeknight","phase":"peak","cell_key":"category:cruise:weeknight"},"signals":{"hour_phase":0.25}}
{"venue_id":"santiago-dionisio-divas","timestamp_utc":"2026-10-06T04:19:13.701Z","p_pred":0.5647473447816507,"p_prior":0.38,"features":{"category":"bar","slot":"weeknight","phase":"peak","cell_key":"category:bar:weeknight"},"signals":{"hour_phase":0.25,"recurring_night":1}}
{"venue_id":"sao-paulo-a-loca","timestamp_utc":"2026-10-06T04:19:13.705Z","p_pred":0.4818146769645755,"p_prior":0.42000000000000004,"features":{"category":"club","slot":"weeknight","phase":"peak","cell_key":"category:club:weeknight"},"signals":{"hour_phase":0.25}}
{"venue_id":"sao-paulo-hotel-chilli","timestamp_utc":"2026-10-06T04:19:13.706Z","p_pred":0.5621765008857981,"p_prior":0.5,"features":{"category":"sauna","slot":"weeknight","phase":"peak","cell_key":"category:sauna:weeknight"},"signals":{"hour_phase":0.25}}
{"venue_id":"sao-paulo-dedalos-bar","timestamp_utc":"2026-10-06T04:19:13.707Z","p_pred":0.4612118154493698,"p_prior":0.4,"features":{"category":"cruise","slot":"weeknight","phase":"peak","cell_key":"category:cruise:weeknight"},"signals":{"hour_phase":0.25}}
{"venue_id":"seattle-pony","timestamp_utc":"2026-10-06T04:19:13.709Z","p_pred":0.4403976865027794,"p_prior":0.38,"features":{"category":"bar","slot":"weeknight","phase":"peak","cell_key":"category:bar:weeknight"},"signals":{"hour_phase":0.25}}
{"venue_id":"seattle-unicorn","timestamp_utc":"2026-10-06T04:19:13.709Z","p_pred":0.4403976865027794,"p_prior":0.38,"features":{"category":"bar","slot":"weeknight","phase":"peak","cell_key":"category:bar:weeknight"},"signals":{"hour_phase":0.25}}
{"venue_id":"seattle-diesel","timestamp_utc":"2026-10-06T04:19:13.710Z","p_pred":0.4403976865027794,"p_prior":0.38,"features":{"category":"bar","slot":"weeknight","phase":"peak","cell_key":"category:bar:weeknight"},"signals":{"hour_phase":0.25}}
{"venue_id":"seattle-eagle-seattle","timestamp_utc":"2026-10-06T04:19:13.710Z","p_pred":0.4403976865027794,"p_prior":0.38,"features":{"category":"bar","slot":"weeknight","phase":"peak","cell_key":"category:bar:weeknight"},"signals":{"hour_phase":0.25}}
{"venue_id":"seattle-steamworks-seattle","timestamp_utc":"2026-10-06T04:19:13.713Z","p_pred":0.5621765008857981,"p_prior":0.5,"features":{"category":"sauna","slot":"weeknight","phase":"peak","cell_key":"category:sauna:weeknight"},"signals":{"hour_phase":0.25}}
{"venue_id":"seattle-club-z","timestamp_utc":"2026-10-06T04:19:13.714Z","p_pred":0.5621765008857981,"p_prior":0.5,"features":{"category":"sauna","slot":"weeknight","phase":"peak","cell_key":"category:sauna:weeknight"},"signals":{"hour_phase":0.25}}
{"venue_id":"sydney-the-oxford-hotel","timestamp_utc":"2026-10-06T04:19:13.716Z","p_pred":0.27100132084400974,"p_prior":0.38,"features":{"category":"bar","slot":"weeknight","phase":"early","cell_key":"category:bar:weeknight"},"signals":{"hour_phase":-0.5}}
{"venue_id":"sydney-the-colombian-hotel","timestamp_utc":"2026-10-06T04:19:13.717Z","p_pred":0.27100132084400974,"p_prior":0.38,"features":{"category":"bar","slot":"weeknight","phase":"early","cell_key":"category:bar:weeknight"},"signals":{"hour_phase":-0.5}}
{"venue_id":"sydney-the-beresford","timestamp_utc":"2026-10-06T04:19:13.717Z","p_pred":0.27100132084400974,"p_prior":0.38,"features":{"category":"bar","slot":"weeknight","phase":"early","cell_key":"category:bar:weeknight"},"signals":{"hour_phase":-0.5}}
{"venue_id":"sydney-stonewall-newtown","timestamp_utc":"2026-10-06T04:19:13.718Z","p_pred":0.27100132084400974,"p_prior":0.38,"features":{"category":"bar","slot":"weeknight","phase":"early","cell_key":"category:bar:weeknight"},"signals":{"hour_phase":-0.5}}
{"venue_id":"sydney-sydney-sauna","timestamp_utc":"2026-10-06T04:19:13.721Z","p_pred":0.3775406687981454,"p_prior":0.5,"features":{"category":"sauna","slot":"weeknight","phase":"early","cell_key":"category:sauna:weeknight"},"signals":{"hour_phase":-0.5}}
{"venue_id":"taipei-commander-d","timestamp_utc":"2026-10-06T04:19:13.723Z","p_pred":0.27100132084400974,"p_prior":0.38,"features":{"category":"bar","slot":"weeknight","phase":"early","cell_key":"category:bar:weeknight"},"signals":{"hour_phase":-0.5}}
{"venue_id":"taipei-tianlong-sauna","timestamp_utc":"2026-10-06T04:19:13.766Z","p_pred":0.3775406687981454,"p_prior":0.5,"features":{"category":"sauna","slot":"weeknight","phase":"early","cell_key":"category:sauna:weeknight"},"signals":{"hour_phase":-0.5}}
{"venue_id":"tel-aviv-masks","timestamp_utc":"2026-10-06T04:19:13.769Z","p_pred":0.30517526303504333,"p_prior":0.42000000000000004,"features":{"category":"club","slot":"weeknight","phase":"early","cell_key":"category:club:weeknight"},"signals":{"hour_phase":-0.5}}
{"venue_id":"tokyo-aisotope-lounge","timestamp_utc":"2026-10-06T04:19:13.772Z","p_pred":0.30517526303504333,"p_prior":0.42000000000000004,"features":{"category":"club","slot":"weeknight","phase":"early","cell_key":"category:club:weeknight"},"signals":{"hour_phase":-0.5}}
{"venue_id":"toronto-crews-tangos","timestamp_utc":"2026-10-06T04:19:13.777Z","p_pred":0.4818146769645755,"p_prior":0.42000000000000004,"features":{"category":"club","slot":"weeknight","phase":"peak","cell_key":"category:club:weeknight"},"signals":{"hour_phase":0.25}}
{"venue_id":"toronto-pegasus-on-church","timestamp_utc":"2026-10-06T04:19:13.777Z","p_pred":0.4403976865027794,"p_prior":0.38,"features":{"category":"bar","slot":"weeknight","phase":"peak","cell_key":"category:bar:weeknight"},"signals":{"hour_phase":0.25}}
{"venue_id":"toronto-flash-on-church","timestamp_utc":"2026-10-06T04:19:13.778Z","p_pred":0.4818146769645755,"p_prior":0.42000000000000004,"features":{"category":"club","slot":"weeknight","phase":"peak","cell_key":"category:club:weeknight"},"signals":{"hour_phase":0.25}}
{"venue_id":"toronto-ogradys-on-church","timestamp_utc":"2026-10-06T04:19:13.779Z","p_pred":0.4403976865027794,"p_prior":0.38,"features":{"category":"bar","slot":"weeknight","phase":"peak","cell_key":"category:bar:weeknight"},"signals":{"hour_phase":0.25}}
{"venue_id":"toronto-steamworks-baths","timestamp_utc":"2026-10-06T04:19:13.782Z","p_pred":0.5621765008857981,"p_prior":0.5,"features":{"category":"sauna","slot":"weeknight","phase":"peak","cell_key":"category:sauna:weeknight"},"signals":{"hour_phase":0.25}}
{"venue_id":"vancouver-the-junction","timestamp_utc":"2026-10-06T04:19:13.784Z","p_pred":0.4403976865027794,"p_prior":0.38,"features":{"category":"bar","slot":"weeknight","phase":"peak","cell_key":"category:bar:weeknight"},"signals":{"hour_phase":0.25}}
{"venue_id":"vancouver-pumpjack-pub","timestamp_utc":"2026-10-06T04:19:13.785Z","p_pred":0.4403976865027794,"p_prior":0.38,"features":{"category":"bar","slot":"weeknight","phase":"peak","cell_key":"category:bar:weeknight"},"signals":{"hour_phase":0.25}}
{"venue_id":"vancouver-score-on-davie","timestamp_utc":"2026-10-06T04:19:13.786Z","p_pred":0.4403976865027794,"p_prior":0.38,"features":{"category":"bar","slot":"weeknight","phase":"peak","cell_key":"category:bar:weeknight"},"signals":{"hour_phase":0.25}}
{"venue_id":"vancouver-the-fountainhead-pub","timestamp_utc":"2026-10-06T04:19:13.786Z","p_pred":0.4403976865027794,"p_prior":0.38,"features":{"category":"bar","slot":"weeknight","phase":"peak","cell_key":"category:bar:weeknight"},"signals":{"hour_phase":0.25}}
{"venue_id":"vancouver-steamworks-vancouver","timestamp_utc":"2026-10-06T04:19:13.794Z","p_pred":0.5621765008857981,"p_prior":0.5,"features":{"category":"sauna","slot":"weeknight","phase":"peak","cell_key":"category:sauna:weeknight"},"signals":{"hour_phase":0.25}}
{"venue_id":"washington-dc-trade","timestamp_utc":"2026-10-06T04:19:13.795Z","p_pred":0.4403976865027794,"p_prior":0.38,"features":{"category":"bar","slot":"weeknight","phase":"peak","cell_key":"category:bar:weeknight"},"signals":{"hour_phase":0.25}}
{"venue_id":"washington-dc-number-nine","timestamp_utc":"2026-10-06T04:19:13.795Z","p_pred":0.4403976865027794,"p_prior":0.38,"features":{"category":"bar","slot":"weeknight","phase":"peak","cell_key":"category:bar:weeknight"},"signals":{"hour_phase":0.25}}
{"venue_id":"washington-dc-the-fireplace","timestamp_utc":"2026-10-06T04:19:13.797Z","p_pred":0.4403976865027794,"p_prior":0.38,"features":{"category":"bar","slot":"weeknight","phase":"peak","cell_key":"category:bar:weeknight"},"signals":{"hour_phase":0.25}}
{"venue_id":"washington-dc-crew-club","timestamp_utc":"2026-10-06T04:19:13.799Z","p_pred":0.5621765008857981,"p_prior":0.5,"features":{"category":"sauna","slot":"weeknight","phase":"peak","cell_key":"category:sauna:weeknight"},"signals":{"hour_phase":0.25}}
{"venue_id":"bangkok-the-stranger-bar","timestamp_utc":"2026-10-06T05:46:08.463Z","p_pred":0.27100132084400974,"p_prior":0.38,"features":{"category":"bar","slot":"weeknight","phase":"early","cell_key":"category:bar:weeknight"},"signals":{"hour_phase":-0.5}}
{"venue_id":"berlin-bull-berlin","timestamp_utc":"2026-10-06T05:46:08.476Z","p_pred":0.28792871203468484,"p_prior":0.4,"features":{"category":"cruise","slot":"weeknight","phase":"early","cell_key":"category:cruise:weeknight"},"signals":{"hour_phase":-0.5}}
{"venue_id":"bogota-leos-bar-mistica","timestamp_utc":"2026-10-06T05:46:08.477Z","p_pred":0.4403976865027794,"p_prior":0.38,"features":{"category":"bar","slot":"weeknight","phase":"peak","cell_key":"category:bar:weeknight"},"signals":{"hour_phase":0.25}}
{"venue_id":"bogota-punto-59","timestamp_utc":"2026-10-06T05:46:08.478Z","p_pred":0.4818146769645755,"p_prior":0.42000000000000004,"features":{"category":"club","slot":"weeknight","phase":"peak","cell_key":"category:club:weeknight"},"signals":{"hour_phase":0.25}}
{"venue_id":"bogota-perro-calandria","timestamp_utc":"2026-10-06T05:46:08.478Z","p_pred":0.4403976865027794,"p_prior":0.38,"features":{"category":"bar","slot":"weeknight","phase":"peak","cell_key":"category:bar:weeknight"},"signals":{"hour_phase":0.25}}
{"venue_id":"bogota-recreo-adan","timestamp_utc":"2026-10-06T05:46:08.480Z","p_pred":0.4403976865027794,"p_prior":0.38,"features":{"category":"bar","slot":"weeknight","phase":"peak","cell_key":"category:bar:weeknight"},"signals":{"hour_phase":0.25}}
{"venue_id":"bogota-brokeback","timestamp_utc":"2026-10-06T05:46:08.480Z","p_pred":0.4403976865027794,"p_prior":0.38,"features":{"category":"bar","slot":"weeknight","phase":"peak","cell_key":"category:bar:weeknight"},"signals":{"hour_phase":0.25}}
{"venue_id":"chicago-sidetrack","timestamp_utc":"2026-10-06T05:46:08.487Z","p_pred":0.40382606098943613,"p_prior":0.38,"features":{"category":"bar","slot":"weeknight","phase":"late","cell_key":"category:bar:weeknight"},"signals":{"hour_phase":-0.4,"recurring_night":1}}
{"venue_id":"chicago-roscoes-tavern","timestamp_utc":"2026-10-06T05:46:08.487Z","p_pred":0.29120306666643375,"p_prior":0.38,"features":{"category":"bar","slot":"weeknight","phase":"late","cell_key":"category:bar:weeknight"},"signals":{"hour_phase":-0.4}}
{"venue_id":"chicago-hydrate","timestamp_utc":"2026-10-06T05:46:08.488Z","p_pred":0.3267825556549316,"p_prior":0.42000000000000004,"features":{"category":"club","slot":"weeknight","phase":"late","cell_key":"category:club:weeknight"},"signals":{"hour_phase":-0.4}}
{"venue_id":"chicago-touche","timestamp_utc":"2026-10-06T05:46:08.488Z","p_pred":0.4403976865027794,"p_prior":0.38,"features":{"category":"bar","slot":"weeknight","phase":"peak","cell_key":"category:bar:weeknight"},"signals":{"hour_phase":0.25}}
{"venue_id":"chicago-charlies","timestamp_utc":"2026-10-06T05:46:08.488Z","p_pred":0.4403976865027794,"p_prior":0.38,"features":{"category":"bar","slot":"weeknight","phase":"peak","cell_key":"category:bar:weeknight"},"signals":{"hour_phase":0.25}}
{"venue_id":"chicago-steamworks","timestamp_utc":"2026-10-06T05:46:08.490Z","p_pred":0.5621765008857981,"p_prior":0.5,"features":{"category":"sauna","slot":"weeknight","phase":"peak","cell_key":"category:sauna:weeknight"},"signals":{"hour_phase":0.25}}
{"venue_id":"cologne-die-mumu","timestamp_utc":"2026-10-06T05:46:08.497Z","p_pred":0.27100132084400974,"p_prior":0.38,"features":{"category":"bar","slot":"weeknight","phase":"early","cell_key":"category:bar:weeknight"},"signals":{"hour_phase":-0.5}}
{"venue_id":"cologne-schampanja","timestamp_utc":"2026-10-06T05:46:08.498Z","p_pred":0.27100132084400974,"p_prior":0.38,"features":{"category":"bar","slot":"weeknight","phase":"early","cell_key":"category:bar:weeknight"},"signals":{"hour_phase":-0.5}}
{"venue_id":"fort-lauderdale-georgies-alibi","timestamp_utc":"2026-10-06T05:46:08.500Z","p_pred":0.29120306666643375,"p_prior":0.38,"features":{"category":"bar","slot":"weeknight","phase":"late","cell_key":"category:bar:weeknight"},"signals":{"hour_phase":-0.4}}
{"venue_id":"fort-lauderdale-hunters","timestamp_utc":"2026-10-06T05:46:08.501Z","p_pred":0.3267825556549316,"p_prior":0.42000000000000004,"features":{"category":"club","slot":"weeknight","phase":"late","cell_key":"category:club:weeknight"},"signals":{"hour_phase":-0.4}}
{"venue_id":"fort-lauderdale-eagle","timestamp_utc":"2026-10-06T05:46:08.501Z","p_pred":0.29120306666643375,"p_prior":0.38,"features":{"category":"bar","slot":"weeknight","phase":"late","cell_key":"category:bar:weeknight"},"signals":{"hour_phase":-0.4}}
{"venue_id":"fort-lauderdale-drynk","timestamp_utc":"2026-10-06T05:46:08.502Z","p_pred":0.29120306666643375,"p_prior":0.38,"features":{"category":"bar","slot":"weeknight","phase":"late","cell_key":"category:bar:weeknight"},"signals":{"hour_phase":-0.4}}
{"venue_id":"fort-lauderdale-the-club","timestamp_utc":"2026-10-06T05:46:08.503Z","p_pred":0.5621765008857981,"p_prior":0.5,"features":{"category":"sauna","slot":"weeknight","phase":"peak","cell_key":"category:sauna:weeknight"},"signals":{"hour_phase":0.25}}
{"venue_id":"hong-kong-flm","timestamp_utc":"2026-10-06T05:46:08.504Z","p_pred":0.27100132084400974,"p_prior":0.38,"features":{"category":"bar","slot":"weeknight","phase":"early","cell_key":"category:bar:weeknight"},"signals":{"hour_phase":-0.5}}
{"venue_id":"hong-kong-ce-sauna","timestamp_utc":"2026-10-06T05:46:08.505Z","p_pred":0.3775406687981454,"p_prior":0.5,"features":{"category":"sauna","slot":"weeknight","phase":"early","cell_key":"category:sauna:weeknight"},"signals":{"hour_phase":-0.5}}
{"venue_id":"lima-valetodo-downtown","timestamp_utc":"2026-10-06T05:46:08.505Z","p_pred":0.4818146769645755,"p_prior":0.42000000000000004,"features":{"category":"club","slot":"weeknight","phase":"peak","cell_key":"category:club:weeknight"},"signals":{"hour_phase":0.25}}
{"venue_id":"london-sweatbox-soho","timestamp_utc":"2026-10-06T05:46:08.513Z","p_pred":0.3775406687981454,"p_prior":0.5,"features":{"category":"sauna","slot":"weeknight","phase":"early","cell_key":"category:sauna:weeknight"},"signals":{"hour_phase":-0.5}}
{"venue_id":"los-angeles-the-abbey","timestamp_utc":"2026-10-06T05:46:08.514Z","p_pred":0.4403976865027794,"p_prior":0.38,"features":{"category":"bar","slot":"weeknight","phase":"peak","cell_key":"category:bar:weeknight"},"signals":{"hour_phase":0.25}}
{"venue_id":"los-angeles-mickys","timestamp_utc":"2026-10-06T05:46:08.514Z","p_pred":0.4818146769645755,"p_prior":0.42000000000000004,"features":{"category":"club","slot":"weeknight","phase":"peak","cell_key":"category:club:weeknight"},"signals":{"hour_phase":0.25}}
{"venue_id":"los-angeles-revolver","timestamp_utc":"2026-10-06T05:46:08.515Z","p_pred":0.4403976865027794,"p_prior":0.38,"features":{"category":"bar","slot":"weeknight","phase":"peak","cell_key":"category:bar:weeknight"},"signals":{"hour_phase":0.25}}
{"venue_id":"los-angeles-trunks","timestamp_utc":"2026-10-06T05:46:08.515Z","p_pred":0.4403976865027794,"p_prior":0.38,"features":{"category":"bar","slot":"weeknight","phase":"peak","cell_key":"category:bar:weeknight"},"signals":{"hour_phase":0.25}}
{"venue_id":"los-angeles-gym-bar","timestamp_utc":"2026-10-06T05:46:08.515Z","p_pred":0.29120306666643375,"p_prior":0.38,"features":{"category":"bar","slot":"weeknight","phase":"late","cell_key":"category:bar:weeknight"},"signals":{"hour_phase":-0.4}}
{"venue_id":"los-angeles-mother-lode","timestamp_utc":"2026-10-06T05:46:08.515Z","p_pred":0.4403976865027794,"p_prior":0.38,"features":{"category":"bar","slot":"weeknight","phase":"peak","cell_key":"category:bar:weeknight"},"signals":{"hour_phase":0.25}}
{"venue_id":"los-angeles-eagle-la","timestamp_utc":"2026-10-06T05:46:08.516Z","p_pred":0.4403976865027794,"p_prior":0.38,"features":{"category":"bar","slot":"weeknight","phase":"peak","cell_key":"category:bar:weeknight"},"signals":{"hour_phase":0.25}}
{"venue_id":"los-angeles-flex-spas","timestamp_utc":"2026-10-06T05:46:08.517Z","p_pred":0.5621765008857981,"p_prior":0.5,"features":{"category":"sauna","slot":"weeknight","phase":"peak","cell_key":"category:sauna:weeknight"},"signals":{"hour_phase":0.25}}
{"venue_id":"madrid-sauna-center","timestamp_utc":"2026-10-06T05:46:08.519Z","p_pred":0.3775406687981454,"p_prior":0.5,"features":{"category":"sauna","slot":"weeknight","phase":"early","cell_key":"category:sauna:weeknight"},"signals":{"hour_phase":-0.5}}
{"venue_id":"manchester-cruz-101","timestamp_utc":"2026-10-06T05:46:08.521Z","p_pred":0.3267825556549316,"p_prior":0.42000000000000004,"features":{"category":"club","slot":"weeknight","phase":"late","cell_key":"category:club:weeknight"},"signals":{"hour_phase":-0.4}}
{"venue_id":"melbourne-wet-on-wellington","timestamp_utc":"2026-10-06T05:46:08.524Z","p_pred":0.3775406687981454,"p_prior":0.5,"features":{"category":"sauna","slot":"weeknight","phase":"early","cell_key":"category:sauna:weeknight"},"signals":{"hour_phase":-0.5}}
{"venue_id":"melbourne-subway-sauna","timestamp_utc":"2026-10-06T05:46:08.525Z","p_pred":0.3775406687981454,"p_prior":0.5,"features":{"category":"sauna","slot":"weeknight","phase":"early","cell_key":"category:sauna:weeknight"},"signals":{"hour_phase":-0.5}}
{"venue_id":"mexico-city-sodome","timestamp_utc":"2026-10-06T05:46:08.528Z","p_pred":0.401312339887548,"p_prior":0.5,"features":{"category":"sauna","slot":"weeknight","phase":"late","cell_key":"category:sauna:weeknight"},"signals":{"hour_phase":-0.4}}
{"venue_id":"miami-twist","timestamp_utc":"2026-10-06T05:46:08.529Z","p_pred":0.4818146769645755,"p_prior":0.42000000000000004,"features":{"category":"club","slot":"weeknight","phase":"peak","cell_key":"category:club:weeknight"},"signals":{"hour_phase":0.25}}
{"venue_id":"miami-georgies-alibi-monkey-bar","timestamp_utc":"2026-10-06T05:46:08.529Z","p_pred":0.29120306666643375,"p_prior":0.38,"features":{"category":"bar","slot":"weeknight","phase":"late","cell_key":"category:bar:weeknight"},"signals":{"hour_phase":-0.4}}
{"venue_id":"miami-eagle-wilton-manors","timestamp_utc":"2026-10-06T05:46:08.530Z","p_pred":0.29120306666643375,"p_prior":0.38,"features":{"category":"bar","slot":"weeknight","phase":"late","cell_key":"category:bar:weeknight"},"signals":{"hour_phase":-0.4}}
{"venue_id":"miami-hunters-nightclub","timestamp_utc":"2026-10-06T05:46:08.530Z","p_pred":0.3267825556549316,"p_prior":0.42000000000000004,"features":{"category":"club","slot":"weeknight","phase":"late","cell_key":"category:club:weeknight"},"signals":{"hour_phase":-0.4}}
{"venue_id":"miami-club-aqua-miami","timestamp_utc":"2026-10-06T05:46:08.531Z","p_pred":0.5621765008857981,"p_prior":0.5,"features":{"category":"sauna","slot":"weeknight","phase":"peak","cell_key":"category:sauna:weeknight"},"signals":{"hour_phase":0.25}}
{"venue_id":"milan-illumined","timestamp_utc":"2026-10-06T05:46:08.534Z","p_pred":0.28792871203468484,"p_prior":0.4,"features":{"category":"cruise","slot":"weeknight","phase":"early","cell_key":"category:cruise:weeknight"},"signals":{"hour_phase":-0.5}}
{"venue_id":"montevideo-cain-dance","timestamp_utc":"2026-10-06T05:46:08.535Z","p_pred":0.30517526303504333,"p_prior":0.42000000000000004,"features":{"category":"club","slot":"weeknight","phase":"early","cell_key":"category:club:weeknight"},"signals":{"hour_phase":-0.5}}
{"venue_id":"montreal-cabaret-mado","timestamp_utc":"2026-10-06T05:46:08.537Z","p_pred":0.29120306666643375,"p_prior":0.38,"features":{"category":"bar","slot":"weeknight","phase":"late","cell_key":"category:bar:weeknight"},"signals":{"hour_phase":-0.4}}
{"venue_id":"montreal-bar-le-cocktail","timestamp_utc":"2026-10-06T05:46:08.538Z","p_pred":0.29120306666643375,"p_prior":0.38,"features":{"category":"bar","slot":"weeknight","phase":"late","cell_key":"category:bar:weeknight"},"signals":{"hour_phase":-0.4}}
{"venue_id":"montreal-le-stud","timestamp_utc":"2026-10-06T05:46:08.538Z","p_pred":0.29120306666643375,"p_prior":0.38,"features":{"category":"bar","slot":"weeknight","phase":"late","cell_key":"category:bar:weeknight"},"signals":{"hour_phase":-0.4}}
{"venue_id":"montreal-sauna-g-i-joe","timestamp_utc":"2026-10-06T05:46:08.539Z","p_pred":0.5621765008857981,"p_prior":0.5,"features":{"category":"sauna","slot":"weeknight","phase":"peak","cell_key":"category:sauna:weeknight"},"signals":{"hour_phase":0.25}}
{"venue_id":"new-york-the-stonewall-inn","timestamp_utc":"2026-10-06T05:46:08.541Z","p_pred":0.4403976865027794,"p_prior":0.38,"features":{"category":"bar","slot":"weeknight","phase":"peak","cell_key":"category:bar:weeknight"},"signals":{"hour_phase":0.25}}
{"venue_id":"new-york-industry-bar","timestamp_utc":"2026-10-06T05:46:08.541Z","p_pred":0.4818146769645755,"p_prior":0.42000000000000004,"features":{"category":"club","slot":"weeknight","phase":"peak","cell_key":"category:club:weeknight"},"signals":{"hour_phase":0.25}}
{"venue_id":"new-york-julius","timestamp_utc":"2026-10-06T05:46:08.542Z","p_pred":0.29120306666643375,"p_prior":0.38,"features":{"category":"bar","slot":"weeknight","phase":"late","cell_key":"category:bar:weeknight"},"signals":{"hour_phase":-0.4}}
{"venue_id":"new-york-the-eagle-nyc","timestamp_utc":"2026-10-06T05:46:08.542Z","p_pred":0.29120306666643375,"p_prior":0.38,"features":{"category":"bar","slot":"weeknight","phase":"late","cell_key":"category:bar:weeknight"},"signals":{"hour_phase":-0.4}}
{"venue_id":"new-york-hardware","timestamp_utc":"2026-10-06T05:46:08.542Z","p_pred":0.4403976865027794,"p_prior":0.38,"features":{"category":"bar","slot":"weeknight","phase":"peak","cell_key":"category:bar:weeknight"},"signals":{"hour_phase":0.25}}
{"venue_id":"new-york-vers","timestamp_utc":"2026-10-06T05:46:08.543Z","p_pred":0.29120306666643375,"p_prior":0.38,"features":{"category":"bar","slot":"weeknight","phase":"late","cell_key":"category:bar:weeknight"},"signals":{"hour_phase":-0.4}}
{"venue_id":"new-york-east-side-club","timestamp_utc":"2026-10-06T05:46:08.544Z","p_pred":0.5621765008857981,"p_prior":0.5,"features":{"category":"sauna","slot":"weeknight","phase":"peak","cell_key":"category:sauna:weeknight"},"signals":{"hour_phase":0.25}}
{"venue_id":"puerto-vallarta-la-noche","timestamp_utc":"2026-10-06T05:46:08.549Z","p_pred":0.4818146769645755,"p_prior":0.42000000000000004,"features":{"category":"club","slot":"weeknight","phase":"peak","cell_key":"category:club:weeknight"},"signals":{"hour_phase":0.25}}
{"venue_id":"puerto-vallarta-cc-slaughters","timestamp_utc":"2026-10-06T05:46:08.550Z","p_pred":0.4818146769645755,"p_prior":0.42000000000000004,"features":{"category":"club","slot":"weeknight","phase":"peak","cell_key":"category:club:weeknight"},"signals":{"hour_phase":0.25}}
{"venue_id":"puerto-vallarta-pacos-ranch","timestamp_utc":"2026-10-06T05:46:08.550Z","p_pred":0.4818146769645755,"p_prior":0.42000000000000004,"features":{"category":"club","slot":"weeknight","phase":"peak","cell_key":"category:club:weeknight"},"signals":{"hour_phase":0.25}}
{"venue_id":"puerto-vallarta-apaches-martini-bar","timestamp_utc":"2026-10-06T05:46:08.550Z","p_pred":0.4403976865027794,"p_prior":0.38,"features":{"category":"bar","slot":"weeknight","phase":"peak","cell_key":"category:bar:weeknight"},"signals":{"hour_phase":0.25}}
{"venue_id":"puerto-vallarta-mr-flamingo","timestamp_utc":"2026-10-06T05:46:08.550Z","p_pred":0.4403976865027794,"p_prior":0.38,"features":{"category":"bar","slot":"weeknight","phase":"peak","cell_key":"category:bar:weeknight"},"signals":{"hour_phase":0.25}}
{"venue_id":"puerto-vallarta-industry-night-club","timestamp_utc":"2026-10-06T05:46:08.551Z","p_pred":0.4818146769645755,"p_prior":0.42000000000000004,"features":{"category":"club","slot":"weeknight","phase":"peak","cell_key":"category:club:weeknight"},"signals":{"hour_phase":0.25}}
{"venue_id":"puerto-vallarta-spartacus-sauna","timestamp_utc":"2026-10-06T05:46:08.552Z","p_pred":0.5621765008857981,"p_prior":0.5,"features":{"category":"sauna","slot":"weeknight","phase":"peak","cell_key":"category:sauna:weeknight"},"signals":{"hour_phase":0.25}}
{"venue_id":"rio-de-janeiro-pink-flamingo","timestamp_utc":"2026-10-06T05:46:08.553Z","p_pred":0.29120306666643375,"p_prior":0.38,"features":{"category":"bar","slot":"weeknight","phase":"late","cell_key":"category:bar:weeknight"},"signals":{"hour_phase":-0.4}}
{"venue_id":"rio-de-janeiro-tau-bar-club","timestamp_utc":"2026-10-06T05:46:08.554Z","p_pred":0.27100132084400974,"p_prior":0.38,"features":{"category":"bar","slot":"weeknight","phase":"early","cell_key":"category:bar:weeknight"},"signals":{"hour_phase":-0.5}}
{"venue_id":"san-francisco-twin-peaks-tavern","timestamp_utc":"2026-10-06T05:46:08.564Z","p_pred":0.4403976865027794,"p_prior":0.38,"features":{"category":"bar","slot":"weeknight","phase":"peak","cell_key":"category:bar:weeknight"},"signals":{"hour_phase":0.25}}
{"venue_id":"san-francisco-the-edge","timestamp_utc":"2026-10-06T05:46:08.565Z","p_pred":0.4403976865027794,"p_prior":0.38,"features":{"category":"bar","slot":"weeknight","phase":"peak","cell_key":"category:bar:weeknight"},"signals":{"hour_phase":0.25}}
{"venue_id":"san-francisco-hi-tops","timestamp_utc":"2026-10-06T05:46:08.565Z","p_pred":0.29120306666643375,"p_prior":0.38,"features":{"category":"bar","slot":"weeknight","phase":"late","cell_key":"category:bar:weeknight"},"signals":{"hour_phase":-0.4}}
{"venue_id":"san-francisco-badlands","timestamp_utc":"2026-10-06T05:46:08.565Z","p_pred":0.4403976865027794,"p_prior":0.38,"features":{"category":"bar","slot":"weeknight","phase":"peak","cell_key":"category:bar:weeknight"},"signals":{"hour_phase":0.25}}
{"venue_id":"san-francisco-lookout","timestamp_utc":"2026-10-06T05:46:08.565Z","p_pred":0.4403976865027794,"p_prior":0.38,"features":{"category":"bar","slot":"weeknight","phase":"peak","cell_key":"category:bar:weeknight"},"signals":{"hour_phase":0.25}}
{"venue_id":"san-francisco-sf-eagle","timestamp_utc":"2026-10-06T05:46:08.566Z","p_pred":0.30885769463359225,"p_prior":0.4,"features":{"category":"cruise","slot":"weeknight","phase":"late","cell_key":"category:cruise:weeknight"},"signals":{"hour_phase":-0.4}}
{"venue_id":"santiago-dionisio-divas","timestamp_utc":"2026-10-06T05:46:08.567Z","p_pred":0.37999999999999995,"p_prior":0.38,"features":{"category":"bar","slot":"weeknight","phase":"early","cell_key":"category:bar:weeknight"},"signals":{"hour_phase":-0.5,"recurring_night":1}}
{"venue_id":"sao-paulo-a-loca","timestamp_utc":"2026-10-06T05:46:08.570Z","p_pred":0.30517526303504333,"p_prior":0.42000000000000004,"features":{"category":"club","slot":"weeknight","phase":"early","cell_key":"category:club:weeknight"},"signals":{"hour_phase":-0.5}}
{"venue_id":"sao-paulo-hotel-chilli","timestamp_utc":"2026-10-06T05:46:08.575Z","p_pred":0.3775406687981454,"p_prior":0.5,"features":{"category":"sauna","slot":"weeknight","phase":"early","cell_key":"category:sauna:weeknight"},"signals":{"hour_phase":-0.5}}
{"venue_id":"sao-paulo-dedalos-bar","timestamp_utc":"2026-10-06T05:46:08.576Z","p_pred":0.28792871203468484,"p_prior":0.4,"features":{"category":"cruise","slot":"weeknight","phase":"early","cell_key":"category:cruise:weeknight"},"signals":{"hour_phase":-0.5}}
{"venue_id":"seattle-pony","timestamp_utc":"2026-10-06T05:46:08.579Z","p_pred":0.4403976865027794,"p_prior":0.38,"features":{"category":"bar","slot":"weeknight","phase":"peak","cell_key":"category:bar:weeknight"},"signals":{"hour_phase":0.25}}
{"venue_id":"seattle-unicorn","timestamp_utc":"2026-10-06T05:46:08.579Z","p_pred":0.4403976865027794,"p_prior":0.38,"features":{"category":"bar","slot":"weeknight","phase":"peak","cell_key":"category:bar:weeknight"},"signals":{"hour_phase":0.25}}
{"venue_id":"seattle-diesel","timestamp_utc":"2026-10-06T05:46:08.580Z","p_pred":0.4403976865027794,"p_prior":0.38,"features":{"category":"bar","slot":"weeknight","phase":"peak","cell_key":"category:bar:weeknight"},"signals":{"hour_phase":0.25}}
{"venue_id":"seattle-eagle-seattle","timestamp_utc":"2026-10-06T05:46:08.580Z","p_pred":0.4403976865027794,"p_prior":0.38,"features":{"category":"bar","slot":"weeknight","phase":"peak","cell_key":"category:bar:weeknight"},"signals":{"hour_phase":0.25}}
{"venue_id":"seattle-steamworks-seattle","timestamp_utc":"2026-10-06T05:46:08.582Z","p_pred":0.5621765008857981,"p_prior":0.5,"features":{"category":"sauna","slot":"weeknight","phase":"peak","cell_key":"category:sauna:weeknight"},"signals":{"hour_phase":0.25}}
{"venue_id":"seattle-club-z","timestamp_utc":"2026-10-06T05:46:08.582Z","p_pred":0.5621765008857981,"p_prior":0.5,"features":{"category":"sauna","slot":"weeknight","phase":"peak","cell_key":"category:sauna:weeknight"},"signals":{"hour_phase":0.25}}
{"venue_id":"sydney-the-oxford-hotel","timestamp_utc":"2026-10-06T05:46:08.583Z","p_pred":0.27100132084400974,"p_prior":0.38,"features":{"category":"bar","slot":"weeknight","phase":"early","cell_key":"category:bar:weeknight"},"signals":{"hour_phase":-0.5}}
{"venue_id":"sydney-the-colombian-hotel","timestamp_utc":"2026-10-06T05:46:08.583Z","p_pred":0.27100132084400974,"p_prior":0.38,"features":{"category":"bar","slot":"weeknight","phase":"early","cell_key":"category:bar:weeknight"},"signals":{"hour_phase":-0.5}}
{"venue_id":"sydney-the-beresford","timestamp_utc":"2026-10-06T05:46:08.584Z","p_pred":0.27100132084400974,"p_prior":0.38,"features":{"category":"bar","slot":"weeknight","phase":"early","cell_key":"category:bar:weeknight"},"signals":{"hour_phase":-0.5}}
{"venue_id":"sydney-the-imperial-erskineville","timestamp_utc":"2026-10-06T05:46:08.584Z","p_pred":0.27100132084400974,"p_prior":0.38,"features":{"category":"bar","slot":"weeknight","phase":"early","cell_key":"category:bar:weeknight"},"signals":{"hour_phase":-0.5}}
{"venue_id":"sydney-stonewall-newtown","timestamp_utc":"2026-10-06T05:46:08.584Z","p_pred":0.27100132084400974,"p_prior":0.38,"features":{"category":"bar","slot":"weeknight","phase":"early","cell_key":"category:bar:weeknight"},"signals":{"hour_phase":-0.5}}
{"venue_id":"sydney-sydney-sauna","timestamp_utc":"2026-10-06T05:46:08.586Z","p_pred":0.3775406687981454,"p_prior":0.5,"features":{"category":"sauna","slot":"weeknight","phase":"early","cell_key":"category:sauna:weeknight"},"signals":{"hour_phase":-0.5}}
{"venue_id":"taipei-commander-d","timestamp_utc":"2026-10-06T05:46:08.588Z","p_pred":0.27100132084400974,"p_prior":0.38,"features":{"category":"bar","slot":"weeknight","phase":"early","cell_key":"category:bar:weeknight"},"signals":{"hour_phase":-0.5}}
{"venue_id":"taipei-tianlong-sauna","timestamp_utc":"2026-10-06T05:46:08.589Z","p_pred":0.3775406687981454,"p_prior":0.5,"features":{"category":"sauna","slot":"weeknight","phase":"early","cell_key":"category:sauna:weeknight"},"signals":{"hour_phase":-0.5}}
{"venue_id":"tel-aviv-masks","timestamp_utc":"2026-10-06T05:46:08.590Z","p_pred":0.30517526303504333,"p_prior":0.42000000000000004,"features":{"category":"club","slot":"weeknight","phase":"early","cell_key":"category:club:weeknight"},"signals":{"hour_phase":-0.5}}
{"venue_id":"tokyo-aisotope-lounge","timestamp_utc":"2026-10-06T05:46:08.592Z","p_pred":0.30517526303504333,"p_prior":0.42000000000000004,"features":{"category":"club","slot":"weeknight","phase":"early","cell_key":"category:club:weeknight"},"signals":{"hour_phase":-0.5}}
{"venue_id":"toronto-crews-tangos","timestamp_utc":"2026-10-06T05:46:08.593Z","p_pred":0.3267825556549316,"p_prior":0.42000000000000004,"features":{"category":"club","slot":"weeknight","phase":"late","cell_key":"category:club:weeknight"},"signals":{"hour_phase":-0.4}}
{"venue_id":"toronto-pegasus-on-church","timestamp_utc":"2026-10-06T05:46:08.594Z","p_pred":0.29120306666643375,"p_prior":0.38,"features":{"category":"bar","slot":"weeknight","phase":"late","cell_key":"category:bar:weeknight"},"signals":{"hour_phase":-0.4}}
{"venue_id":"toronto-flash-on-church","timestamp_utc":"2026-10-06T05:46:08.594Z","p_pred":0.3267825556549316,"p_prior":0.42000000000000004,"features":{"category":"club","slot":"weeknight","phase":"late","cell_key":"category:club:weeknight"},"signals":{"hour_phase":-0.4}}
{"venue_id":"toronto-ogradys-on-church","timestamp_utc":"2026-10-06T05:46:08.595Z","p_pred":0.29120306666643375,"p_prior":0.38,"features":{"category":"bar","slot":"weeknight","phase":"late","cell_key":"category:bar:weeknight"},"signals":{"hour_phase":-0.4}}
{"venue_id":"toronto-steamworks-baths","timestamp_utc":"2026-10-06T05:46:08.597Z","p_pred":0.5621765008857981,"p_prior":0.5,"features":{"category":"sauna","slot":"weeknight","phase":"peak","cell_key":"category:sauna:weeknight"},"signals":{"hour_phase":0.25}}
{"venue_id":"vancouver-the-junction","timestamp_utc":"2026-10-06T05:46:08.598Z","p_pred":0.4403976865027794,"p_prior":0.38,"features":{"category":"bar","slot":"weeknight","phase":"peak","cell_key":"category:bar:weeknight"},"signals":{"hour_phase":0.25}}
{"venue_id":"vancouver-pumpjack-pub","timestamp_utc":"2026-10-06T05:46:08.598Z","p_pred":0.4403976865027794,"p_prior":0.38,"features":{"category":"bar","slot":"weeknight","phase":"peak","cell_key":"category:bar:weeknight"},"signals":{"hour_phase":0.25}}
{"venue_id":"vancouver-score-on-davie","timestamp_utc":"2026-10-06T05:46:08.599Z","p_pred":0.4403976865027794,"p_prior":0.38,"features":{"category":"bar","slot":"weeknight","phase":"peak","cell_key":"category:bar:weeknight"},"signals":{"hour_phase":0.25}}
{"venue_id":"vancouver-the-fountainhead-pub","timestamp_utc":"2026-10-06T05:46:08.599Z","p_pred":0.29120306666643375,"p_prior":0.38,"features":{"category":"bar","slot":"weeknight","phase":"late","cell_key":"category:bar:weeknight"},"signals":{"hour_phase":-0.4}}
{"venue_id":"vancouver-steamworks-vancouver","timestamp_utc":"2026-10-06T05:46:08.601Z","p_pred":0.5621765008857981,"p_prior":0.5,"features":{"category":"sauna","slot":"weeknight","phase":"peak","cell_key":"category:sauna:weeknight"},"signals":{"hour_phase":0.25}}
{"venue_id":"washington-dc-the-fireplace","timestamp_utc":"2026-10-06T05:46:08.602Z","p_pred":0.29120306666643375,"p_prior":0.38,"features":{"category":"bar","slot":"weeknight","phase":"late","cell_key":"category:bar:weeknight"},"signals":{"hour_phase":-0.4}}
{"venue_id":"washington-dc-crew-club","timestamp_utc":"2026-10-06T05:46:08.603Z","p_pred":0.5621765008857981,"p_prior":0.5,"features":{"category":"sauna","slot":"weeknight","phase":"peak","cell_key":"category:sauna:weeknight"},"signals":{"hour_phase":0.25}}
{"venue_id":"bangkok-the-stranger-bar","timestamp_utc":"2026-10-06T05:48:57.436Z","p_pred":0.27100132084400974,"p_prior":0.38,"features":{"category":"bar","slot":"weeknight","phase":"early","cell_key":"category:bar:weeknight"},"signals":{"hour_phase":-0.5}}
{"venue_id":"berlin-bull-berlin","timestamp_utc":"2026-10-06T05:48:57.450Z","p_pred":0.28792871203468484,"p_prior":0.4,"features":{"category":"cruise","slot":"weeknight","phase":"early","cell_key":"category:cruise:weeknight"},"signals":{"hour_phase":-0.5}}
{"venue_id":"bogota-leos-bar-mistica","timestamp_utc":"2026-10-06T05:48:57.452Z","p_pred":0.4403976865027794,"p_prior":0.38,"features":{"category":"bar","slot":"weeknight","phase":"peak","cell_key":"category:bar:weeknight"},"signals":{"hour_phase":0.25}}
{"venue_id":"bogota-punto-59","timestamp_utc":"2026-10-06T05:48:57.452Z","p_pred":0.4818146769645755,"p_prior":0.42000000000000004,"features":{"category":"club","slot":"weeknight","phase":"peak","cell_key":"category:club:weeknight"},"signals":{"hour_phase":0.25}}
{"venue_id":"bogota-perro-calandria","timestamp_utc":"2026-10-06T05:48:57.453Z","p_pred":0.4403976865027794,"p_prior":0.38,"features":{"category":"bar","slot":"weeknight","phase":"peak","cell_key":"category:bar:weeknight"},"signals":{"hour_phase":0.25}}
{"venue_id":"bogota-recreo-adan","timestamp_utc":"2026-10-06T05:48:57.453Z","p_pred":0.4403976865027794,"p_prior":0.38,"features":{"category":"bar","slot":"weeknight","phase":"peak","cell_key":"category:bar:weeknight"},"signals":{"hour_phase":0.25}}
{"venue_id":"bogota-brokeback","timestamp_utc":"2026-10-06T05:48:57.453Z","p_pred":0.4403976865027794,"p_prior":0.38,"features":{"category":"bar","slot":"weeknight","phase":"peak","cell_key":"category:bar:weeknight"},"signals":{"hour_phase":0.25}}
{"venue_id":"chicago-sidetrack","timestamp_utc":"2026-10-06T05:48:57.460Z","p_pred":0.40382606098943613,"p_prior":0.38,"features":{"category":"bar","slot":"weeknight","phase":"late","cell_key":"category:bar:weeknight"},"signals":{"hour_phase":-0.4,"recurring_night":1}}
{"venue_id":"chicago-roscoes-tavern","timestamp_utc":"2026-10-06T05:48:57.461Z","p_pred":0.29120306666643375,"p_prior":0.38,"features":{"category":"bar","slot":"weeknight","phase":"late","cell_key":"category:bar:weeknight"},"signals":{"hour_phase":-0.4}}
{"venue_id":"chicago-hydrate","timestamp_utc":"2026-10-06T05:48:57.461Z","p_pred":0.3267825556549316,"p_prior":0.42000000000000004,"features":{"category":"club","slot":"weeknight","phase":"late","cell_key":"category:club:weeknight"},"signals":{"hour_phase":-0.4}}
{"venue_id":"chicago-touche","timestamp_utc":"2026-10-06T05:48:57.462Z","p_pred":0.4403976865027794,"p_prior":0.38,"features":{"category":"bar","slot":"weeknight","phase":"peak","cell_key":"category:bar:weeknight"},"signals":{"hour_phase":0.25}}
{"venue_id":"chicago-charlies","timestamp_utc":"2026-10-06T05:48:57.462Z","p_pred":0.4403976865027794,"p_prior":0.38,"features":{"category":"bar","slot":"weeknight","phase":"peak","cell_key":"category:bar:weeknight"},"signals":{"hour_phase":0.25}}
{"venue_id":"chicago-steamworks","timestamp_utc":"2026-10-06T05:48:57.465Z","p_pred":0.5621765008857981,"p_prior":0.5,"features":{"category":"sauna","slot":"weeknight","phase":"peak","cell_key":"category:sauna:weeknight"},"signals":{"hour_phase":0.25}}
{"venue_id":"cologne-die-mumu","timestamp_utc":"2026-10-06T05:48:57.466Z","p_pred":0.27100132084400974,"p_prior":0.38,"features":{"category":"bar","slot":"weeknight","phase":"early","cell_key":"category:bar:weeknight"},"signals":{"hour_phase":-0.5}}
{"venue_id":"cologne-schampanja","timestamp_utc":"2026-10-06T05:48:57.472Z","p_pred":0.27100132084400974,"p_prior":0.38,"features":{"category":"bar","slot":"weeknight","phase":"early","cell_key":"category:bar:weeknight"},"signals":{"hour_phase":-0.5}}
{"venue_id":"fort-lauderdale-georgies-alibi","timestamp_utc":"2026-10-06T05:48:57.475Z","p_pred":0.29120306666643375,"p_prior":0.38,"features":{"category":"bar","slot":"weeknight","phase":"late","cell_key":"category:bar:weeknight"},"signals":{"hour_phase":-0.4}}
{"venue_id":"fort-lauderdale-hunters","timestamp_utc":"2026-10-06T05:48:57.475Z","p_pred":0.3267825556549316,"p_prior":0.42000000000000004,"features":{"category":"club","slot":"weeknight","phase":"late","cell_key":"category:club:weeknight"},"signals":{"hour_phase":-0.4}}
{"venue_id":"fort-lauderdale-eagle","timestamp_utc":"2026-10-06T05:48:57.476Z","p_pred":0.29120306666643375,"p_prior":0.38,"features":{"category":"bar","slot":"weeknight","phase":"late","cell_key":"category:bar:weeknight"},"signals":{"hour_phase":-0.4}}
{"venue_id":"fort-lauderdale-drynk","timestamp_utc":"2026-10-06T05:48:57.476Z","p_pred":0.29120306666643375,"p_prior":0.38,"features":{"category":"bar","slot":"weeknight","phase":"late","cell_key":"category:bar:weeknight"},"signals":{"hour_phase":-0.4}}
{"venue_id":"fort-lauderdale-the-club","timestamp_utc":"2026-10-06T05:48:57.478Z","p_pred":0.5621765008857981,"p_prior":0.5,"features":{"category":"sauna","slot":"weeknight","phase":"peak","cell_key":"category:sauna:weeknight"},"signals":{"hour_phase":0.25}}
{"venue_id":"hong-kong-flm","timestamp_utc":"2026-10-06T05:48:57.479Z","p_pred":0.27100132084400974,"p_prior":0.38,"features":{"category":"bar","slot":"weeknight","phase":"early","cell_key":"category:bar:weeknight"},"signals":{"hour_phase":-0.5}}
{"venue_id":"hong-kong-ce-sauna","timestamp_utc":"2026-10-06T05:48:57.479Z","p_pred":0.3775406687981454,"p_prior":0.5,"features":{"category":"sauna","slot":"weeknight","phase":"early","cell_key":"category:sauna:weeknight"},"signals":{"hour_phase":-0.5}}
{"venue_id":"lima-valetodo-downtown","timestamp_utc":"2026-10-06T05:48:57.481Z","p_pred":0.4818146769645755,"p_prior":0.42000000000000004,"features":{"category":"club","slot":"weeknight","phase":"peak","cell_key":"category:club:weeknight"},"signals":{"hour_phase":0.25}}
{"venue_id":"london-sweatbox-soho","timestamp_utc":"2026-10-06T05:48:57.487Z","p_pred":0.3775406687981454,"p_prior":0.5,"features":{"category":"sauna","slot":"weeknight","phase":"early","cell_key":"category:sauna:weeknight"},"signals":{"hour_phase":-0.5}}
{"venue_id":"los-angeles-the-abbey","timestamp_utc":"2026-10-06T05:48:57.488Z","p_pred":0.4403976865027794,"p_prior":0.38,"features":{"category":"bar","slot":"weeknight","phase":"peak","cell_key":"category:bar:weeknight"},"signals":{"hour_phase":0.25}}
{"venue_id":"los-angeles-mickys","timestamp_utc":"2026-10-06T05:48:57.488Z","p_pred":0.4818146769645755,"p_prior":0.42000000000000004,"features":{"category":"club","slot":"weeknight","phase":"peak","cell_key":"category:club:weeknight"},"signals":{"hour_phase":0.25}}
{"venue_id":"los-angeles-revolver","timestamp_utc":"2026-10-06T05:48:57.488Z","p_pred":0.4403976865027794,"p_prior":0.38,"features":{"category":"bar","slot":"weeknight","phase":"peak","cell_key":"category:bar:weeknight"},"signals":{"hour_phase":0.25}}
{"venue_id":"los-angeles-trunks","timestamp_utc":"2026-10-06T05:48:57.488Z","p_pred":0.4403976865027794,"p_prior":0.38,"features":{"category":"bar","slot":"weeknight","phase":"peak","cell_key":"category:bar:weeknight"},"signals":{"hour_phase":0.25}}
{"venue_id":"los-angeles-gym-bar","timestamp_utc":"2026-10-06T05:48:57.489Z","p_pred":0.29120306666643375,"p_prior":0.38,"features":{"category":"bar","slot":"weeknight","phase":"late","cell_key":"category:bar:weeknight"},"signals":{"hour_phase":-0.4}}
{"venue_id":"los-angeles-mother-lode","timestamp_utc":"2026-10-06T05:48:57.489Z","p_pred":0.4403976865027794,"p_prior":0.38,"features":{"category":"bar","slot":"weeknight","phase":"peak","cell_key":"category:bar:weeknight"},"signals":{"hour_phase":0.25}}
{"venue_id":"los-angeles-eagle-la","timestamp_utc":"2026-10-06T05:48:57.489Z","p_pred":0.4403976865027794,"p_prior":0.38,"features":{"category":"bar","slot":"weeknight","phase":"peak","cell_key":"category:bar:weeknight"},"signals":{"hour_phase":0.25}}
{"venue_id":"los-angeles-flex-spas","timestamp_utc":"2026-10-06T05:48:57.491Z","p_pred":0.5621765008857981,"p_prior":0.5,"features":{"category":"sauna","slot":"weeknight","phase":"peak","cell_key":"category:sauna:weeknight"},"signals":{"hour_phase":0.25}}
{"venue_id":"madrid-sauna-center","timestamp_utc":"2026-10-06T05:48:57.493Z","p_pred":0.3775406687981454,"p_prior":0.5,"features":{"category":"sauna","slot":"weeknight","phase":"early","cell_key":"category:sauna:weeknight"},"signals":{"hour_phase":-0.5}}
{"venue_id":"manchester-cruz-101","timestamp_utc":"2026-10-06T05:48:57.495Z","p_pred":0.3267825556549316,"p_prior":0.42000000000000004,"features":{"category":"club","slot":"weeknight","phase":"late","cell_key":"category:club:weeknight"},"signals":{"hour_phase":-0.4}}
{"venue_id":"melbourne-wet-on-wellington","timestamp_utc":"2026-10-06T05:48:57.499Z","p_pred":0.3775406687981454,"p_prior":0.5,"features":{"category":"sauna","slot":"weeknight","phase":"early","cell_key":"category:sauna:weeknight"},"signals":{"hour_phase":-0.5}}
{"venue_id":"melbourne-subway-sauna","timestamp_utc":"2026-10-06T05:48:57.500Z","p_pred":0.3775406687981454,"p_prior":0.5,"features":{"category":"sauna","slot":"weeknight","phase":"early","cell_key":"category:sauna:weeknight"},"signals":{"hour_phase":-0.5}}
{"venue_id":"mexico-city-sodome","timestamp_utc":"2026-10-06T05:48:57.501Z","p_pred":0.401312339887548,"p_prior":0.5,"features":{"category":"sauna","slot":"weeknight","phase":"late","cell_key":"category:sauna:weeknight"},"signals":{"hour_phase":-0.4}}
{"venue_id":"miami-twist","timestamp_utc":"2026-10-06T05:48:57.502Z","p_pred":0.4818146769645755,"p_prior":0.42000000000000004,"features":{"category":"club","slot":"weeknight","phase":"peak","cell_key":"category:club:weeknight"},"signals":{"hour_phase":0.25}}
{"venue_id":"miami-georgies-alibi-monkey-bar","timestamp_utc":"2026-10-06T05:48:57.503Z","p_pred":0.29120306666643375,"p_prior":0.38,"features":{"category":"bar","slot":"weeknight","phase":"late","cell_key":"category:bar:weeknight"},"signals":{"hour_phase":-0.4}}
{"venue_id":"miami-eagle-wilton-manors","timestamp_utc":"2026-10-06T05:48:57.503Z","p_pred":0.29120306666643375,"p_prior":0.38,"features":{"category":"bar","slot":"weeknight","phase":"late","cell_key":"category:bar:weeknight"},"signals":{"hour_phase":-0.4}}
{"venue_id":"miami-hunters-nightclub","timestamp_utc":"2026-10-06T05:48:57.503Z","p_pred":0.3267825556549316,"p_prior":0.42000000000000004,"features":{"category":"club","slot":"weeknight","phase":"late","cell_key":"category:club:weeknight"},"signals":{"hour_phase":-0.4}}
{"venue_id":"miami-club-aqua-miami","timestamp_utc":"2026-10-06T05:48:57.505Z","p_pred":0.5621765008857981,"p_prior":0.5,"features":{"category":"sauna","slot":"weeknight","phase":"peak","cell_key":"category:sauna:weeknight"},"signals":{"hour_phase":0.25}}
{"venue_id":"milan-illumined","timestamp_utc":"2026-10-06T05:48:57.508Z","p_pred":0.28792871203468484,"p_prior":0.4,"features":{"category":"cruise","slot":"weeknight","phase":"early","cell_key":"category:cruise:weeknight"},"signals":{"hour_phase":-0.5}}
{"venue_id":"montevideo-cain-dance","timestamp_utc":"2026-10-06T05:48:57.509Z","p_pred":0.30517526303504333,"p_prior":0.42000000000000004,"features":{"category":"club","slot":"weeknight","phase":"early","cell_key":"category:club:weeknight"},"signals":{"hour_phase":-0.5}}
{"venue_id":"montreal-cabaret-mado","timestamp_utc":"2026-10-06T05:48:57.511Z","p_pred":0.29120306666643375,"p_prior":0.38,"features":{"category":"bar","slot":"weeknight","phase":"late","cell_key":"category:bar:weeknight"},"signals":{"hour_phase":-0.4}}
{"venue_id":"montreal-bar-le-cocktail","timestamp_utc":"2026-10-06T05:48:57.512Z","p_pred":0.29120306666643375,"p_prior":0.38,"features":{"category":"bar","slot":"weeknight","phase":"late","cell_key":"category:bar:weeknight"},"signals":{"hour_phase":-0.4}}
{"venue_id":"montreal-le-stud","timestamp_utc":"2026-10-06T05:48:57.512Z","p_pred":0.29120306666643375,"p_prior":0.38,"features":{"category":"bar","slot":"weeknight","phase":"late","cell_key":"category:bar:weeknight"},"signals":{"hour_phase":-0.4}}
{"venue_id":"montreal-sauna-g-i-joe","timestamp_utc":"2026-10-06T05:48:57.513Z","p_pred":0.5621765008857981,"p_prior":0.5,"features":{"category":"sauna","slot":"weeknight","phase":"peak","cell_key":"category:sauna:weeknight"},"signals":{"hour_phase":0.25}}
{"venue_id":"new-york-the-stonewall-inn","timestamp_utc":"2026-10-06T05:48:57.515Z","p_pred":0.4403976865027794,"p_prior":0.38,"features":{"category":"bar","slot":"weeknight","phase":"peak","cell_key":"category:bar:weeknight"},"signals":{"hour_phase":0.25}}
{"venue_id":"new-york-industry-bar","timestamp_utc":"2026-10-06T05:48:57.515Z","p_pred":0.4818146769645755,"p_prior":0.42000000000000004,"features":{"category":"club","slot":"weeknight","phase":"peak","cell_key":"category:club:weeknight"},"signals":{"hour_phase":0.25}}
{"venue_id":"new-york-julius","timestamp_utc":"2026-10-06T05:48:57.515Z","p_pred":0.29120306666643375,"p_prior":0.38,"features":{"category":"bar","slot":"weeknight","phase":"late","cell_key":"category:bar:weeknight"},"signals":{"hour_phase":-0.4}}
{"venue_id":"new-york-the-eagle-nyc","timestamp_utc":"2026-10-06T05:48:57.516Z","p_pred":0.29120306666643375,"p_prior":0.38,"features":{"category":"bar","slot":"weeknight","phase":"late","cell_key":"category:bar:weeknight"},"signals":{"hour_phase":-0.4}}
{"venue_id":"new-york-hardware","timestamp_utc":"2026-10-06T05:48:57.516Z","p_pred":0.4403976865027794,"p_prior":0.38,"features":{"category":"bar","slot":"weeknight","phase":"peak","cell_key":"category:bar:weeknight"},"signals":{"hour_phase":0.25}}
{"venue_id":"new-york-vers","timestamp_utc":"2026-10-06T05:48:57.516Z","p_pred":0.29120306666643375,"p_prior":0.38,"features":{"category":"bar","slot":"weeknight","phase":"late","cell_key":"category:bar:weeknight"},"signals":{"hour_phase":-0.4}}
{"venue_id":"new-york-east-side-club","timestamp_utc":"2026-10-06T05:48:57.518Z","p_pred":0.5621765008857981,"p_prior":0.5,"features":{"category":"sauna","slot":"weeknight","phase":"peak","cell_key":"category:sauna:weeknight"},"signals":{"hour_phase":0.25}}
{"venue_id":"puerto-vallarta-la-noche","timestamp_utc":"2026-10-06T05:48:57.523Z","p_pred":0.4818146769645755,"p_prior":0.42000000000000004,"features":{"category":"club","slot":"weeknight","phase":"peak","cell_key":"category:club:weeknight"},"signals":{"hour_phase":0.25}}
{"venue_id":"puerto-vallarta-cc-slaughters","timestamp_utc":"2026-10-06T05:48:57.523Z","p_pred":0.4818146769645755,"p_prior":0.42000000000000004,"features":{"category":"club","slot":"weeknight","phase":"peak","cell_key":"category:club:weeknight"},"signals":{"hour_phase":0.25}}
{"venue_id":"puerto-vallarta-pacos-ranch","timestamp_utc":"2026-10-06T05:48:57.524Z","p_pred":0.4818146769645755,"p_prior":0.42000000000000004,"features":{"category":"club","slot":"weeknight","phase":"peak","cell_key":"category:club:weeknight"},"signals":{"hour_phase":0.25}}
{"venue_id":"puerto-vallarta-apaches-martini-bar","timestamp_utc":"2026-10-06T05:48:57.525Z","p_pred":0.4403976865027794,"p_prior":0.38,"features":{"category":"bar","slot":"weeknight","phase":"peak","cell_key":"category:bar:weeknight"},"signals":{"hour_phase":0.25}}
{"venue_id":"puerto-vallarta-mr-flamingo","timestamp_utc":"2026-10-06T05:48:57.525Z","p_pred":0.4403976865027794,"p_prior":0.38,"features":{"category":"bar","slot":"weeknight","phase":"peak","cell_key":"category:bar:weeknight"},"signals":{"hour_phase":0.25}}
{"venue_id":"puerto-vallarta-industry-night-club","timestamp_utc":"2026-10-06T05:48:57.526Z","p_pred":0.4818146769645755,"p_prior":0.42000000000000004,"features":{"category":"club","slot":"weeknight","phase":"peak","cell_key":"category:club:weeknight"},"signals":{"hour_phase":0.25}}
{"venue_id":"puerto-vallarta-spartacus-sauna","timestamp_utc":"2026-10-06T05:48:57.529Z","p_pred":0.5621765008857981,"p_prior":0.5,"features":{"category":"sauna","slot":"weeknight","phase":"peak","cell_key":"category:sauna:weeknight"},"signals":{"hour_phase":0.25}}
{"venue_id":"rio-de-janeiro-pink-flamingo","timestamp_utc":"2026-10-06T05:48:57.531Z","p_pred":0.29120306666643375,"p_prior":0.38,"features":{"category":"bar","slot":"weeknight","phase":"late","cell_key":"category:bar:weeknight"},"signals":{"hour_phase":-0.4}}
{"venue_id":"rio-de-janeiro-tau-bar-club","timestamp_utc":"2026-10-06T05:48:57.532Z","p_pred":0.27100132084400974,"p_prior":0.38,"features":{"category":"bar","slot":"weeknight","phase":"early","cell_key":"category:bar:weeknight"},"signals":{"hour_phase":-0.5}}
{"venue_id":"san-francisco-twin-peaks-tavern","timestamp_utc":"2026-10-06T05:48:57.546Z","p_pred":0.4403976865027794,"p_prior":0.38,"features":{"category":"bar","slot":"weeknight","phase":"peak","cell_key":"category:bar:weeknight"},"signals":{"hour_phase":0.25}}
{"venue_id":"san-francisco-the-edge","timestamp_utc":"2026-10-06T05:48:57.548Z","p_pred":0.4403976865027794,"p_prior":0.38,"features":{"category":"bar","slot":"weeknight","phase":"peak","cell_key":"category:bar:weeknight"},"signals":{"hour_phase":0.25}}
{"venue_id":"san-francisco-hi-tops","timestamp_utc":"2026-10-06T05:48:57.548Z","p_pred":0.29120306666643375,"p_prior":0.38,"features":{"category":"bar","slot":"weeknight","phase":"late","cell_key":"category:bar:weeknight"},"signals":{"hour_phase":-0.4}}
{"venue_id":"san-francisco-badlands","timestamp_utc":"2026-10-06T05:48:57.548Z","p_pred":0.4403976865027794,"p_prior":0.38,"features":{"category":"bar","slot":"weeknight","phase":"peak","cell_key":"category:bar:weeknight"},"signals":{"hour_phase":0.25}}
{"venue_id":"san-francisco-lookout","timestamp_utc":"2026-10-06T05:48:57.549Z","p_pred":0.4403976865027794,"p_prior":0.38,"features":{"category":"bar","slot":"weeknight","phase":"peak","cell_key":"category:bar:weeknight"},"signals":{"hour_phase":0.25}}
{"venue_id":"san-francisco-sf-eagle","timestamp_utc":"2026-10-06T05:48:57.550Z","p_pred":0.30885769463359225,"p_prior":0.4,"features":{"category":"cruise","slot":"weeknight","phase":"late","cell_key":"category:cruise:weeknight"},"signals":{"hour_phase":-0.4}}
{"venue_id":"santiago-dionisio-divas","timestamp_utc":"2026-10-06T05:48:57.551Z","p_pred":0.37999999999999995,"p_prior":0.38,"features":{"category":"bar","slot":"weeknight","phase":"early","cell_key":"category:bar:weeknight"},"signals":{"hour_phase":-0.5,"recurring_night":1}}
{"venue_id":"sao-paulo-a-loca","timestamp_utc":"2026-10-06T05:48:57.554Z","p_pred":0.30517526303504333,"p_prior":0.42000000000000004,"features":{"category":"club","slot":"weeknight","phase":"early","cell_key":"category:club:weeknight"},"signals":{"hour_phase":-0.5}}
{"venue_id":"sao-paulo-hotel-chilli","timestamp_utc":"2026-10-06T05:48:57.555Z","p_pred":0.3775406687981454,"p_prior":0.5,"features":{"category":"sauna","slot":"weeknight","phase":"early","cell_key":"category:sauna:weeknight"},"signals":{"hour_phase":-0.5}}
{"venue_id":"sao-paulo-dedalos-bar","timestamp_utc":"2026-10-06T05:48:57.561Z","p_pred":0.28792871203468484,"p_prior":0.4,"features":{"category":"cruise","slot":"weeknight","phase":"early","cell_key":"category:cruise:weeknight"},"signals":{"hour_phase":-0.5}}
{"venue_id":"seattle-pony","timestamp_utc":"2026-10-06T05:48:57.563Z","p_pred":0.4403976865027794,"p_prior":0.38,"features":{"category":"bar","slot":"weeknight","phase":"peak","cell_key":"category:bar:weeknight"},"signals":{"hour_phase":0.25}}
{"venue_id":"seattle-unicorn","timestamp_utc":"2026-10-06T05:48:57.564Z","p_pred":0.4403976865027794,"p_prior":0.38,"features":{"category":"bar","slot":"weeknight","phase":"peak","cell_key":"category:bar:weeknight"},"signals":{"hour_phase":0.25}}
{"venue_id":"seattle-diesel","timestamp_utc":"2026-10-06T05:48:57.565Z","p_pred":0.4403976865027794,"p_prior":0.38,"features":{"category":"bar","slot":"weeknight","phase":"peak","cell_key":"category:bar:weeknight"},"signals":{"hour_phase":0.25}}
{"venue_id":"seattle-eagle-seattle","timestamp_utc":"2026-10-06T05:48:57.565Z","p_pred":0.4403976865027794,"p_prior":0.38,"features":{"category":"bar","slot":"weeknight","phase":"peak","cell_key":"category:bar:weeknight"},"signals":{"hour_phase":0.25}}
{"venue_id":"seattle-steamworks-seattle","timestamp_utc":"2026-10-06T05:48:57.566Z","p_pred":0.5621765008857981,"p_prior":0.5,"features":{"category":"sauna","slot":"weeknight","phase":"peak","cell_key":"category:sauna:weeknight"},"signals":{"hour_phase":0.25}}
{"venue_id":"seattle-club-z","timestamp_utc":"2026-10-06T05:48:57.567Z","p_pred":0.5621765008857981,"p_prior":0.5,"features":{"category":"sauna","slot":"weeknight","phase":"peak","cell_key":"category:sauna:weeknight"},"signals":{"hour_phase":0.25}}
{"venue_id":"sydney-the-oxford-hotel","timestamp_utc":"2026-10-06T05:48:57.568Z","p_pred":0.27100132084400974,"p_prior":0.38,"features":{"category":"bar","slot":"weeknight","phase":"early","cell_key":"category:bar:weeknight"},"signals":{"hour_phase":-0.5}}
{"venue_id":"sydney-the-colombian-hotel","timestamp_utc":"2026-10-06T05:48:57.568Z","p_pred":0.27100132084400974,"p_prior":0.38,"features":{"category":"bar","slot":"weeknight","phase":"early","cell_key":"category:bar:weeknight"},"signals":{"hour_phase":-0.5}}
{"venue_id":"sydney-the-beresford","timestamp_utc":"2026-10-06T05:48:57.569Z","p_pred":0.27100132084400974,"p_prior":0.38,"features":{"category":"bar","slot":"weeknight","phase":"early","cell_key":"category:bar:weeknight"},"signals":{"hour_phase":-0.5}}
{"venue_id":"sydney-the-imperial-erskineville","timestamp_utc":"2026-10-06T05:48:57.569Z","p_pred":0.27100132084400974,"p_prior":0.38,"features":{"category":"bar","slot":"weeknight","phase":"early","cell_key":"category:bar:weeknight"},"signals":{"hour_phase":-0.5}}
{"venue_id":"sydney-stonewall-newtown","timestamp_utc":"2026-10-06T05:48:57.569Z","p_pred":0.27100132084400974,"p_prior":0.38,"features":{"category":"bar","slot":"weeknight","phase":"early","cell_key":"category:bar:weeknight"},"signals":{"hour_phase":-0.5}}
{"venue_id":"sydney-sydney-sauna","timestamp_utc":"2026-10-06T05:48:57.571Z","p_pred":0.3775406687981454,"p_prior":0.5,"features":{"category":"sauna","slot":"weeknight","phase":"early","cell_key":"category:sauna:weeknight"},"signals":{"hour_phase":-0.5}}
{"venue_id":"taipei-commander-d","timestamp_utc":"2026-10-06T05:48:57.572Z","p_pred":0.27100132084400974,"p_prior":0.38,"features":{"category":"bar","slot":"weeknight","phase":"early","cell_key":"category:bar:weeknight"},"signals":{"hour_phase":-0.5}}
{"venue_id":"taipei-tianlong-sauna","timestamp_utc":"2026-10-06T05:48:57.573Z","p_pred":0.3775406687981454,"p_prior":0.5,"features":{"category":"sauna","slot":"weeknight","phase":"early","cell_key":"category:sauna:weeknight"},"signals":{"hour_phase":-0.5}}
{"venue_id":"tel-aviv-masks","timestamp_utc":"2026-10-06T05:48:57.575Z","p_pred":0.30517526303504333,"p_prior":0.42000000000000004,"features":{"category":"club","slot":"weeknight","phase":"early","cell_key":"category:club:weeknight"},"signals":{"hour_phase":-0.5}}
{"venue_id":"tokyo-aisotope-lounge","timestamp_utc":"2026-10-06T05:48:57.577Z","p_pred":0.30517526303504333,"p_prior":0.42000000000000004,"features":{"category":"club","slot":"weeknight","phase":"early","cell_key":"category:club:weeknight"},"signals":{"hour_phase":-0.5}}
{"venue_id":"toronto-crews-tangos","timestamp_utc":"2026-10-06T05:48:57.578Z","p_pred":0.3267825556549316,"p_prior":0.42000000000000004,"features":{"category":"club","slot":"weeknight","phase":"late","cell_key":"category:club:weeknight"},"signals":{"hour_phase":-0.4}}
{"venue_id":"toronto-pegasus-on-church","timestamp_utc":"2026-10-06T05:48:57.579Z","p_pred":0.29120306666643375,"p_prior":0.38,"features":{"category":"bar","slot":"weeknight","phase":"late","cell_key":"category:bar:weeknight"},"signals":{"hour_phase":-0.4}}
{"venue_id":"toronto-flash-on-church","timestamp_utc":"2026-10-06T05:48:57.579Z","p_pred":0.3267825556549316,"p_prior":0.42000000000000004,"features":{"category":"club","slot":"weeknight","phase":"late","cell_key":"category:club:weeknight"},"signals":{"hour_phase":-0.4}}
{"venue_id":"toronto-ogradys-on-church","timestamp_utc":"2026-10-06T05:48:57.580Z","p_pred":0.29120306666643375,"p_prior":0.38,"features":{"category":"bar","slot":"weeknight","phase":"late","cell_key":"category:bar:weeknight"},"signals":{"hour_phase":-0.4}}
{"venue_id":"toronto-steamworks-baths","timestamp_utc":"2026-10-06T05:48:57.581Z","p_pred":0.5621765008857981,"p_prior":0.5,"features":{"category":"sauna","slot":"weeknight","phase":"peak","cell_key":"category:sauna:weeknight"},"signals":{"hour_phase":0.25}}
{"venue_id":"vancouver-the-junction","timestamp_utc":"2026-10-06T05:48:57.583Z","p_pred":0.4403976865027794,"p_prior":0.38,"features":{"category":"bar","slot":"weeknight","phase":"peak","cell_key":"category:bar:weeknight"},"signals":{"hour_phase":0.25}}
{"venue_id":"vancouver-pumpjack-pub","timestamp_utc":"2026-10-06T05:48:57.583Z","p_pred":0.4403976865027794,"p_prior":0.38,"features":{"category":"bar","slot":"weeknight","phase":"peak","cell_key":"category:bar:weeknight"},"signals":{"hour_phase":0.25}}
{"venue_id":"vancouver-score-on-davie","timestamp_utc":"2026-10-06T05:48:57.584Z","p_pred":0.4403976865027794,"p_prior":0.38,"features":{"category":"bar","slot":"weeknight","phase":"peak","cell_key":"category:bar:weeknight"},"signals":{"hour_phase":0.25}}
{"venue_id":"vancouver-the-fountainhead-pub","timestamp_utc":"2026-10-06T05:48:57.584Z","p_pred":0.29120306666643375,"p_prior":0.38,"features":{"category":"bar","slot":"weeknight","phase":"late","cell_key":"category:bar:weeknight"},"signals":{"hour_phase":-0.4}}
{"venue_id":"vancouver-steamworks-vancouver","timestamp_utc":"2026-10-06T05:48:57.586Z","p_pred":0.5621765008857981,"p_prior":0.5,"features":{"category":"sauna","slot":"weeknight","phase":"peak","cell_key":"category:sauna:weeknight"},"signals":{"hour_phase":0.25}}
{"venue_id":"washington-dc-the-fireplace","timestamp_utc":"2026-10-06T05:48:57.587Z","p_pred":0.29120306666643375,"p_prior":0.38,"features":{"category":"bar","slot":"weeknight","phase":"late","cell_key":"category:bar:weeknight"},"signals":{"hour_phase":-0.4}}
{"venue_id":"washington-dc-crew-club","timestamp_utc":"2026-10-06T05:48:57.588Z","p_pred":0.5621765008857981,"p_prior":0.5,"features":{"category":"sauna","slot":"weeknight","phase":"peak","cell_key":"category:sauna:weeknight"},"signals":{"hour_phase":0.25}}
{"venue_id":"bangkok-the-stranger-bar","timestamp_utc":"2026-10-06T05:50:14.701Z","p_pred":0.27100132084400974,"p_prior":0.38,"features":{"category":"bar","slot":"weeknight","phase":"early","cell_key":"category:bar:weeknight"},"signals":{"hour_phase":-0.5}}
{"venue_id":"berlin-bull-berlin","timestamp_utc":"2026-10-06T05:50:14.719Z","p_pred":0.28792871203468484,"p_prior":0.4,"features":{"category":"cruise","slot":"weeknight","phase":"early","cell_key":"category:cruise:weeknight"},"signals":{"hour_phase":-0.5}}
{"venue_id":"bogota-leos-bar-mistica","timestamp_utc":"2026-10-06T05:50:14.721Z","p_pred":0.4403976865027794,"p_prior":0.38,"features":{"category":"bar","slot":"weeknight","phase":"peak","cell_key":"category:bar:weeknight"},"signals":{"hour_phase":0.25}}
{"venue_id":"bogota-punto-59","timestamp_utc":"2026-10-06T05:50:14.721Z","p_pred":0.4818146769645755,"p_prior":0.42000000000000004,"features":{"category":"club","slot":"weeknight","phase":"peak","cell_key":"category:club:weeknight"},"signals":{"hour_phase":0.25}}
{"venue_id":"bogota-perro-calandria","timestamp_utc":"2026-10-06T05:50:14.721Z","p_pred":0.4403976865027794,"p_prior":0.38,"features":{"category":"bar","slot":"weeknight","phase":"peak","cell_key":"category:bar:weeknight"},"signals":{"hour_phase":0.25}}
{"venue_id":"bogota-recreo-adan","timestamp_utc":"2026-10-06T05:50:14.722Z","p_pred":0.4403976865027794,"p_prior":0.38,"features":{"category":"bar","slot":"weeknight","phase":"peak","cell_key":"category:bar:weeknight"},"signals":{"hour_phase":0.25}}
{"venue_id":"bogota-brokeback","timestamp_utc":"2026-10-06T05:50:14.722Z","p_pred":0.4403976865027794,"p_prior":0.38,"features":{"category":"bar","slot":"weeknight","phase":"peak","cell_key":"category:bar:weeknight"},"signals":{"hour_phase":0.25}}
{"venue_id":"chicago-sidetrack","timestamp_utc":"2026-10-06T05:50:14.730Z","p_pred":0.40382606098943613,"p_prior":0.38,"features":{"category":"bar","slot":"weeknight","phase":"late","cell_key":"category:bar:weeknight"},"signals":{"hour_phase":-0.4,"recurring_night":1}}
{"venue_id":"chicago-roscoes-tavern","timestamp_utc":"2026-10-06T05:50:14.731Z","p_pred":0.29120306666643375,"p_prior":0.38,"features":{"category":"bar","slot":"weeknight","phase":"late","cell_key":"category:bar:weeknight"},"signals":{"hour_phase":-0.4}}
{"venue_id":"chicago-hydrate","timestamp_utc":"2026-10-06T05:50:14.732Z","p_pred":0.3267825556549316,"p_prior":0.42000000000000004,"features":{"category":"club","slot":"weeknight","phase":"late","cell_key":"category:club:weeknight"},"signals":{"hour_phase":-0.4}}
{"venue_id":"chicago-touche","timestamp_utc":"2026-10-06T05:50:14.732Z","p_pred":0.4403976865027794,"p_prior":0.38,"features":{"category":"bar","slot":"weeknight","phase":"peak","cell_key":"category:bar:weeknight"},"signals":{"hour_phase":0.25}}
{"venue_id":"chicago-charlies","timestamp_utc":"2026-10-06T05:50:14.733Z","p_pred":0.4403976865027794,"p_prior":0.38,"features":{"category":"bar","slot":"weeknight","phase":"peak","cell_key":"category:bar:weeknight"},"signals":{"hour_phase":0.25}}
{"venue_id":"chicago-steamworks","timestamp_utc":"2026-10-06T05:50:14.740Z","p_pred":0.5621765008857981,"p_prior":0.5,"features":{"category":"sauna","slot":"weeknight","phase":"peak","cell_key":"category:sauna:weeknight"},"signals":{"hour_phase":0.25}}
{"venue_id":"cologne-die-mumu","timestamp_utc":"2026-10-06T05:50:14.742Z","p_pred":0.27100132084400974,"p_prior":0.38,"features":{"category":"bar","slot":"weeknight","phase":"early","cell_key":"category:bar:weeknight"},"signals":{"hour_phase":-0.5}}
{"venue_id":"cologne-schampanja","timestamp_utc":"2026-10-06T05:50:14.742Z","p_pred":0.27100132084400974,"p_prior":0.38,"features":{"category":"bar","slot":"weeknight","phase":"early","cell_key":"category:bar:weeknight"},"signals":{"hour_phase":-0.5}}
{"venue_id":"fort-lauderdale-georgies-alibi","timestamp_utc":"2026-10-06T05:50:14.746Z","p_pred":0.29120306666643375,"p_prior":0.38,"features":{"category":"bar","slot":"weeknight","phase":"late","cell_key":"category:bar:weeknight"},"signals":{"hour_phase":-0.4}}
{"venue_id":"fort-lauderdale-hunters","timestamp_utc":"2026-10-06T05:50:14.746Z","p_pred":0.3267825556549316,"p_prior":0.42000000000000004,"features":{"category":"club","slot":"weeknight","phase":"late","cell_key":"category:club:weeknight"},"signals":{"hour_phase":-0.4}}
{"venue_id":"fort-lauderdale-eagle","timestamp_utc":"2026-10-06T05:50:14.747Z","p_pred":0.29120306666643375,"p_prior":0.38,"features":{"category":"bar","slot":"weeknight","phase":"late","cell_key":"category:bar:weeknight"},"signals":{"hour_phase":-0.4}}
{"venue_id":"fort-lauderdale-drynk","timestamp_utc":"2026-10-06T05:50:14.747Z","p_pred":0.29120306666643375,"p_prior":0.38,"features":{"category":"bar","slot":"weeknight","phase":"late","cell_key":"category:bar:weeknight"},"signals":{"hour_phase":-0.4}}
{"venue_id":"fort-lauderdale-the-club","timestamp_utc":"2026-10-06T05:50:14.749Z","p_pred":0.5621765008857981,"p_prior":0.5,"features":{"category":"sauna","slot":"weeknight","phase":"peak","cell_key":"category:sauna:weeknight"},"signals":{"hour_phase":0.25}}
{"venue_id":"hong-kong-flm","timestamp_utc":"2026-10-06T05:50:14.750Z","p_pred":0.27100132084400974,"p_prior":0.38,"features":{"category":"bar","slot":"weeknight","phase":"early","cell_key":"category:bar:weeknight"},"signals":{"hour_phase":-0.5}}
{"venue_id":"hong-kong-ce-sauna","timestamp_utc":"2026-10-06T05:50:14.750Z","p_pred":0.3775406687981454,"p_prior":0.5,"features":{"category":"sauna","slot":"weeknight","phase":"early","cell_key":"category:sauna:weeknight"},"signals":{"hour_phase":-0.5}}
{"venue_id":"lima-valetodo-downtown","timestamp_utc":"2026-10-06T05:50:14.751Z","p_pred":0.4818146769645755,"p_prior":0.42000000000000004,"features":{"category":"club","slot":"weeknight","phase":"peak","cell_key":"category:club:weeknight"},"signals":{"hour_phase":0.25}}
{"venue_id":"london-sweatbox-soho","timestamp_utc":"2026-10-06T05:50:14.757Z","p_pred":0.3775406687981454,"p_prior":0.5,"features":{"category":"sauna","slot":"weeknight","phase":"early","cell_key":"category:sauna:weeknight"},"signals":{"hour_phase":-0.5}}
{"venue_id":"los-angeles-the-abbey","timestamp_utc":"2026-10-06T05:50:14.758Z","p_pred":0.4403976865027794,"p_prior":0.38,"features":{"category":"bar","slot":"weeknight","phase":"peak","cell_key":"category:bar:weeknight"},"signals":{"hour_phase":0.25}}
{"venue_id":"los-angeles-mickys","timestamp_utc":"2026-10-06T05:50:14.759Z","p_pred":0.4818146769645755,"p_prior":0.42000000000000004,"features":{"category":"club","slot":"weeknight","phase":"peak","cell_key":"category:club:weeknight"},"signals":{"hour_phase":0.25}}
{"venue_id":"los-angeles-revolver","timestamp_utc":"2026-10-06T05:50:14.759Z","p_pred":0.4403976865027794,"p_prior":0.38,"features":{"category":"bar","slot":"weeknight","phase":"peak","cell_key":"category:bar:weeknight"},"signals":{"hour_phase":0.25}}
{"venue_id":"los-angeles-trunks","timestamp_utc":"2026-10-06T05:50:14.760Z","p_pred":0.4403976865027794,"p_prior":0.38,"features":{"category":"bar","slot":"weeknight","phase":"peak","cell_key":"category:bar:weeknight"},"signals":{"hour_phase":0.25}}
{"venue_id":"los-angeles-gym-bar","timestamp_utc":"2026-10-06T05:50:14.760Z","p_pred":0.29120306666643375,"p_prior":0.38,"features":{"category":"bar","slot":"weeknight","phase":"late","cell_key":"category:bar:weeknight"},"signals":{"hour_phase":-0.4}}
{"venue_id":"los-angeles-mother-lode","timestamp_utc":"2026-10-06T05:50:14.761Z","p_pred":0.4403976865027794,"p_prior":0.38,"features":{"category":"bar","slot":"weeknight","phase":"peak","cell_key":"category:bar:weeknight"},"signals":{"hour_phase":0.25}}
{"venue_id":"los-angeles-eagle-la","timestamp_utc":"2026-10-06T05:50:14.761Z","p_pred":0.4403976865027794,"p_prior":0.38,"features":{"category":"bar","slot":"weeknight","phase":"peak","cell_key":"category:bar:weeknight"},"signals":{"hour_phase":0.25}}
{"venue_id":"los-angeles-flex-spas","timestamp_utc":"2026-10-06T05:50:14.763Z","p_pred":0.5621765008857981,"p_prior":0.5,"features":{"category":"sauna","slot":"weeknight","phase":"peak","cell_key":"category:sauna:weeknight"},"signals":{"hour_phase":0.25}}
{"venue_id":"madrid-sauna-center","timestamp_utc":"2026-10-06T05:50:14.765Z","p_pred":0.3775406687981454,"p_prior":0.5,"features":{"category":"sauna","slot":"weeknight","phase":"early","cell_key":"category:sauna:weeknight"},"signals":{"hour_phase":-0.5}}
{"venue_id":"manchester-cruz-101","timestamp_utc":"2026-10-06T05:50:14.767Z","p_pred":0.3267825556549316,"p_prior":0.42000000000000004,"features":{"category":"club","slot":"weeknight","phase":"late","cell_key":"category:club:weeknight"},"signals":{"hour_phase":-0.4}}
{"venue_id":"melbourne-wet-on-wellington","timestamp_utc":"2026-10-06T05:50:14.770Z","p_pred":0.3775406687981454,"p_prior":0.5,"features":{"category":"sauna","slot":"weeknight","phase":"early","cell_key":"category:sauna:weeknight"},"signals":{"hour_phase":-0.5}}
{"venue_id":"melbourne-subway-sauna","timestamp_utc":"2026-10-06T05:50:14.771Z","p_pred":0.3775406687981454,"p_prior":0.5,"features":{"category":"sauna","slot":"weeknight","phase":"early","cell_key":"category:sauna:weeknight"},"signals":{"hour_phase":-0.5}}
{"venue_id":"mexico-city-sodome","timestamp_utc":"2026-10-06T05:50:14.772Z","p_pred":0.401312339887548,"p_prior":0.5,"features":{"category":"sauna","slot":"weeknight","phase":"late","cell_key":"category:sauna:weeknight"},"signals":{"hour_phase":-0.4}}
{"venue_id":"miami-twist","timestamp_utc":"2026-10-06T05:50:14.774Z","p_pred":0.4818146769645755,"p_prior":0.42000000000000004,"features":{"category":"club","slot":"weeknight","phase":"peak","cell_key":"category:club:weeknight"},"signals":{"hour_phase":0.25}}
{"venue_id":"miami-georgies-alibi-monkey-bar","timestamp_utc":"2026-10-06T05:50:14.774Z","p_pred":0.29120306666643375,"p_prior":0.38,"features":{"category":"bar","slot":"weeknight","phase":"late","cell_key":"category:bar:weeknight"},"signals":{"hour_phase":-0.4}}
{"venue_id":"miami-eagle-wilton-manors","timestamp_utc":"2026-10-06T05:50:14.775Z","p_pred":0.29120306666643375,"p_prior":0.38,"features":{"category":"bar","slot":"weeknight","phase":"late","cell_key":"category:bar:weeknight"},"signals":{"hour_phase":-0.4}}
{"venue_id":"miami-hunters-nightclub","timestamp_utc":"2026-10-06T05:50:14.775Z","p_pred":0.3267825556549316,"p_prior":0.42000000000000004,"features":{"category":"club","slot":"weeknight","phase":"late","cell_key":"category:club:weeknight"},"signals":{"hour_phase":-0.4}}
{"venue_id":"miami-club-aqua-miami","timestamp_utc":"2026-10-06T05:50:14.777Z","p_pred":0.5621765008857981,"p_prior":0.5,"features":{"category":"sauna","slot":"weeknight","phase":"peak","cell_key":"category:sauna:weeknight"},"signals":{"hour_phase":0.25}}
{"venue_id":"milan-illumined","timestamp_utc":"2026-10-06T05:50:14.781Z","p_pred":0.28792871203468484,"p_prior":0.4,"features":{"category":"cruise","slot":"weeknight","phase":"early","cell_key":"category:cruise:weeknight"},"signals":{"hour_phase":-0.5}}
{"venue_id":"montevideo-cain-dance","timestamp_utc":"2026-10-06T05:50:14.783Z","p_pred":0.30517526303504333,"p_prior":0.42000000000000004,"features":{"category":"club","slot":"weeknight","phase":"early","cell_key":"category:club:weeknight"},"signals":{"hour_phase":-0.5}}
{"venue_id":"montreal-cabaret-mado","timestamp_utc":"2026-10-06T05:50:14.785Z","p_pred":0.29120306666643375,"p_prior":0.38,"features":{"category":"bar","slot":"weeknight","phase":"late","cell_key":"category:bar:weeknight"},"signals":{"hour_phase":-0.4}}
{"venue_id":"montreal-bar-le-cocktail","timestamp_utc":"2026-10-06T05:50:14.785Z","p_pred":0.29120306666643375,"p_prior":0.38,"features":{"category":"bar","slot":"weeknight","phase":"late","cell_key":"category:bar:weeknight"},"signals":{"hour_phase":-0.4}}
{"venue_id":"montreal-le-stud","timestamp_utc":"2026-10-06T05:50:14.786Z","p_pred":0.29120306666643375,"p_prior":0.38,"features":{"category":"bar","slot":"weeknight","phase":"late","cell_key":"category:bar:weeknight"},"signals":{"hour_phase":-0.4}}
{"venue_id":"montreal-sauna-g-i-joe","timestamp_utc":"2026-10-06T05:50:14.787Z","p_pred":0.5621765008857981,"p_prior":0.5,"features":{"category":"sauna","slot":"weeknight","phase":"peak","cell_key":"category:sauna:weeknight"},"signals":{"hour_phase":0.25}}
{"venue_id":"new-york-the-stonewall-inn","timestamp_utc":"2026-10-06T05:50:14.788Z","p_pred":0.4403976865027794,"p_prior":0.38,"features":{"category":"bar","slot":"weeknight","phase":"peak","cell_key":"category:bar:weeknight"},"signals":{"hour_phase":0.25}}
{"venue_id":"new-york-industry-bar","timestamp_utc":"2026-10-06T05:50:14.788Z","p_pred":0.4818146769645755,"p_prior":0.42000000000000004,"features":{"category":"club","slot":"weeknight","phase":"peak","cell_key":"category:club:weeknight"},"signals":{"hour_phase":0.25}}
{"venue_id":"new-york-julius","timestamp_utc":"2026-10-06T05:50:14.789Z","p_pred":0.29120306666643375,"p_prior":0.38,"features":{"category":"bar","slot":"weeknight","phase":"late","cell_key":"category:bar:weeknight"},"signals":{"hour_phase":-0.4}}
{"venue_id":"new-york-the-eagle-nyc","timestamp_utc":"2026-10-06T05:50:14.789Z","p_pred":0.29120306666643375,"p_prior":0.38,"features":{"category":"bar","slot":"weeknight","phase":"late","cell_key":"category:bar:weeknight"},"signals":{"hour_phase":-0.4}}
{"venue_id":"new-york-hardware","timestamp_utc":"2026-10-06T05:50:14.790Z","p_pred":0.4403976865027794,"p_prior":0.38,"features":{"category":"bar","slot":"weeknight","phase":"peak","cell_key":"category:bar:weeknight"},"signals":{"hour_phase":0.25}}
{"venue_id":"new-york-vers","timestamp_utc":"2026-10-06T05:50:14.790Z","p_pred":0.29120306666643375,"p_prior":0.38,"features":{"category":"bar","slot":"weeknight","phase":"late","cell_key":"category:bar:weeknight"},"signals":{"hour_phase":-0.4}}
{"venue_id":"new-york-east-side-club","timestamp_utc":"2026-10-06T05:50:14.791Z","p_pred":0.5621765008857981,"p_prior":0.5,"features":{"category":"sauna","slot":"weeknight","phase":"peak","cell_key":"category:sauna:weeknight"},"signals":{"hour_phase":0.25}}
{"venue_id":"puerto-vallarta-la-noche","timestamp_utc":"2026-10-06T05:50:14.796Z","p_pred":0.4818146769645755,"p_prior":0.42000000000000004,"features":{"category":"club","slot":"weeknight","phase":"peak","cell_key":"category:club:weeknight"},"signals":{"hour_phase":0.25}}
{"venue_id":"puerto-vallarta-cc-slaughters","timestamp_utc":"2026-10-06T05:50:14.797Z","p_pred":0.4818146769645755,"p_prior":0.42000000000000004,"features":{"category":"club","slot":"weeknight","phase":"peak","cell_key":"category:club:weeknight"},"signals":{"hour_phase":0.25}}
{"venue_id":"puerto-vallarta-pacos-ranch","timestamp_utc":"2026-10-06T05:50:14.797Z","p_pred":0.4818146769645755,"p_prior":0.42000000000000004,"features":{"category":"club","slot":"weeknight","phase":"peak","cell_key":"category:club:weeknight"},"signals":{"hour_phase":0.25}}
{"venue_id":"puerto-vallarta-apaches-martini-bar","timestamp_utc":"2026-10-06T05:50:14.797Z","p_pred":0.4403976865027794,"p_prior":0.38,"features":{"category":"bar","slot":"weeknight","phase":"peak","cell_key":"category:bar:weeknight"},"signals":{"hour_phase":0.25}}
{"venue_id":"puerto-vallarta-mr-flamingo","timestamp_utc":"2026-10-06T05:50:14.798Z","p_pred":0.4403976865027794,"p_prior":0.38,"features":{"category":"bar","slot":"weeknight","phase":"peak","cell_key":"category:bar:weeknight"},"signals":{"hour_phase":0.25}}
{"venue_id":"puerto-vallarta-industry-night-club","timestamp_utc":"2026-10-06T05:50:14.798Z","p_pred":0.4818146769645755,"p_prior":0.42000000000000004,"features":{"category":"club","slot":"weeknight","phase":"peak","cell_key":"category:club:weeknight"},"signals":{"hour_phase":0.25}}
{"venue_id":"puerto-vallarta-spartacus-sauna","timestamp_utc":"2026-10-06T05:50:14.800Z","p_pred":0.5621765008857981,"p_prior":0.5,"features":{"category":"sauna","slot":"weeknight","phase":"peak","cell_key":"category:sauna:weeknight"},"signals":{"hour_phase":0.25}}
{"venue_id":"rio-de-janeiro-pink-flamingo","timestamp_utc":"2026-10-06T05:50:14.801Z","p_pred":0.29120306666643375,"p_prior":0.38,"features":{"category":"bar","slot":"weeknight","phase":"late","cell_key":"category:bar:weeknight"},"signals":{"hour_phase":-0.4}}
{"venue_id":"rio-de-janeiro-tau-bar-club","timestamp_utc":"2026-10-06T05:50:14.802Z","p_pred":0.27100132084400974,"p_prior":0.38,"features":{"category":"bar","slot":"weeknight","phase":"early","cell_key":"category:bar:weeknight"},"signals":{"hour_phase":-0.5}}
{"venue_id":"san-francisco-twin-peaks-tavern","timestamp_utc":"2026-10-06T05:50:14.811Z","p_pred":0.4403976865027794,"p_prior":0.38,"features":{"category":"bar","slot":"weeknight","phase":"peak","cell_key":"category:bar:weeknight"},"signals":{"hour_phase":0.25}}
{"venue_id":"san-francisco-the-edge","timestamp_utc":"2026-10-06T05:50:14.812Z","p_pred":0.4403976865027794,"p_prior":0.38,"features":{"category":"bar","slot":"weeknight","phase":"peak","cell_key":"category:bar:weeknight"},"signals":{"hour_phase":0.25}}
{"venue_id":"san-francisco-hi-tops","timestamp_utc":"2026-10-06T05:50:14.812Z","p_pred":0.29120306666643375,"p_prior":0.38,"features":{"category":"bar","slot":"weeknight","phase":"late","cell_key":"category:bar:weeknight"},"signals":{"hour_phase":-0.4}}
{"venue_id":"san-francisco-badlands","timestamp_utc":"2026-10-06T05:50:14.812Z","p_pred":0.4403976865027794,"p_prior":0.38,"features":{"category":"bar","slot":"weeknight","phase":"peak","cell_key":"category:bar:weeknight"},"signals":{"hour_phase":0.25}}
{"venue_id":"san-francisco-lookout","timestamp_utc":"2026-10-06T05:50:14.813Z","p_pred":0.4403976865027794,"p_prior":0.38,"features":{"category":"bar","slot":"weeknight","phase":"peak","cell_key":"category:bar:weeknight"},"signals":{"hour_phase":0.25}}
{"venue_id":"san-francisco-sf-eagle","timestamp_utc":"2026-10-06T05:50:14.816Z","p_pred":0.30885769463359225,"p_prior":0.4,"features":{"category":"cruise","slot":"weeknight","phase":"late","cell_key":"category:cruise:weeknight"},"signals":{"hour_phase":-0.4}}
{"venue_id":"santiago-dionisio-divas","timestamp_utc":"2026-10-06T05:50:14.817Z","p_pred":0.37999999999999995,"p_prior":0.38,"features":{"category":"bar","slot":"weeknight","phase":"early","cell_key":"category:bar:weeknight"},"signals":{"hour_phase":-0.5,"recurring_night":1}}
{"venue_id":"sao-paulo-a-loca","timestamp_utc":"2026-10-06T05:50:14.824Z","p_pred":0.30517526303504333,"p_prior":0.42000000000000004,"features":{"category":"club","slot":"weeknight","phase":"early","cell_key":"category:club:weeknight"},"signals":{"hour_phase":-0.5}}
{"venue_id":"sao-paulo-hotel-chilli","timestamp_utc":"2026-10-06T05:50:14.826Z","p_pred":0.3775406687981454,"p_prior":0.5,"features":{"category":"sauna","slot":"weeknight","phase":"early","cell_key":"category:sauna:weeknight"},"signals":{"hour_phase":-0.5}}
{"venue_id":"sao-paulo-dedalos-bar","timestamp_utc":"2026-10-06T05:50:14.828Z","p_pred":0.28792871203468484,"p_prior":0.4,"features":{"category":"cruise","slot":"weeknight","phase":"early","cell_key":"category:cruise:weeknight"},"signals":{"hour_phase":-0.5}}
{"venue_id":"seattle-pony","timestamp_utc":"2026-10-06T05:50:14.830Z","p_pred":0.4403976865027794,"p_prior":0.38,"features":{"category":"bar","slot":"weeknight","phase":"peak","cell_key":"category:bar:weeknight"},"signals":{"hour_phase":0.25}}
{"venue_id":"seattle-unicorn","timestamp_utc":"2026-10-06T05:50:14.830Z","p_pred":0.4403976865027794,"p_prior":0.38,"features":{"category":"bar","slot":"weeknight","phase":"peak","cell_key":"category:bar:weeknight"},"signals":{"hour_phase":0.25}}
{"venue_id":"seattle-diesel","timestamp_utc":"2026-10-06T05:50:14.832Z","p_pred":0.4403976865027794,"p_prior":0.38,"features":{"category":"bar","slot":"weeknight","phase":"peak","cell_key":"category:bar:weeknight"},"signals":{"hour_phase":0.25}}
{"venue_id":"seattle-eagle-seattle","timestamp_utc":"2026-10-06T05:50:14.832Z","p_pred":0.4403976865027794,"p_prior":0.38,"features":{"category":"bar","slot":"weeknight","phase":"peak","cell_key":"category:bar:weeknight"},"signals":{"hour_phase":0.25}}
{"venue_id":"seattle-steamworks-seattle","timestamp_utc":"2026-10-06T05:50:14.834Z","p_pred":0.5621765008857981,"p_prior":0.5,"features":{"category":"sauna","slot":"weeknight","phase":"peak","cell_key":"category:sauna:weeknight"},"signals":{"hour_phase":0.25}}
{"venue_id":"seattle-club-z","timestamp_utc":"2026-10-06T05:50:14.834Z","p_pred":0.5621765008857981,"p_prior":0.5,"features":{"category":"sauna","slot":"weeknight","phase":"peak","cell_key":"category:sauna:weeknight"},"signals":{"hour_phase":0.25}}
{"venue_id":"sydney-the-oxford-hotel","timestamp_utc":"2026-10-06T05:50:14.835Z","p_pred":0.27100132084400974,"p_prior":0.38,"features":{"category":"bar","slot":"weeknight","phase":"early","cell_key":"category:bar:weeknight"},"signals":{"hour_phase":-0.5}}
{"venue_id":"sydney-the-colombian-hotel","timestamp_utc":"2026-10-06T05:50:14.836Z","p_pred":0.27100132084400974,"p_prior":0.38,"features":{"category":"bar","slot":"weeknight","phase":"early","cell_key":"category:bar:weeknight"},"signals":{"hour_phase":-0.5}}
{"venue_id":"sydney-the-beresford","timestamp_utc":"2026-10-06T05:50:14.836Z","p_pred":0.27100132084400974,"p_prior":0.38,"features":{"category":"bar","slot":"weeknight","phase":"early","cell_key":"category:bar:weeknight"},"signals":{"hour_phase":-0.5}}
{"venue_id":"sydney-the-imperial-erskineville","timestamp_utc":"2026-10-06T05:50:14.836Z","p_pred":0.27100132084400974,"p_prior":0.38,"features":{"category":"bar","slot":"weeknight","phase":"early","cell_key":"category:bar:weeknight"},"signals":{"hour_phase":-0.5}}
{"venue_id":"sydney-stonewall-newtown","timestamp_utc":"2026-10-06T05:50:14.837Z","p_pred":0.27100132084400974,"p_prior":0.38,"features":{"category":"bar","slot":"weeknight","phase":"early","cell_key":"category:bar:weeknight"},"signals":{"hour_phase":-0.5}}
{"venue_id":"sydney-sydney-sauna","timestamp_utc":"2026-10-06T05:50:14.838Z","p_pred":0.3775406687981454,"p_prior":0.5,"features":{"category":"sauna","slot":"weeknight","phase":"early","cell_key":"category:sauna:weeknight"},"signals":{"hour_phase":-0.5}}
{"venue_id":"taipei-commander-d","timestamp_utc":"2026-10-06T05:50:14.839Z","p_pred":0.27100132084400974,"p_prior":0.38,"features":{"category":"bar","slot":"weeknight","phase":"early","cell_key":"category:bar:weeknight"},"signals":{"hour_phase":-0.5}}
{"venue_id":"taipei-tianlong-sauna","timestamp_utc":"2026-10-06T05:50:14.841Z","p_pred":0.3775406687981454,"p_prior":0.5,"features":{"category":"sauna","slot":"weeknight","phase":"early","cell_key":"category:sauna:weeknight"},"signals":{"hour_phase":-0.5}}
{"venue_id":"tel-aviv-masks","timestamp_utc":"2026-10-06T05:50:14.842Z","p_pred":0.30517526303504333,"p_prior":0.42000000000000004,"features":{"category":"club","slot":"weeknight","phase":"early","cell_key":"category:club:weeknight"},"signals":{"hour_phase":-0.5}}
{"venue_id":"tokyo-aisotope-lounge","timestamp_utc":"2026-10-06T05:50:14.844Z","p_pred":0.30517526303504333,"p_prior":0.42000000000000004,"features":{"category":"club","slot":"weeknight","phase":"early","cell_key":"category:club:weeknight"},"signals":{"hour_phase":-0.5}}
{"venue_id":"toronto-crews-tangos","timestamp_utc":"2026-10-06T05:50:14.845Z","p_pred":0.3267825556549316,"p_prior":0.42000000000000004,"features":{"category":"club","slot":"weeknight","phase":"late","cell_key":"category:club:weeknight"},"signals":{"hour_phase":-0.4}}
{"venue_id":"toronto-pegasus-on-church","timestamp_utc":"2026-10-06T05:50:14.846Z","p_pred":0.29120306666643375,"p_prior":0.38,"features":{"category":"bar","slot":"weeknight","phase":"late","cell_key":"category:bar:weeknight"},"signals":{"hour_phase":-0.4}}
{"venue_id":"toronto-flash-on-church","timestamp_utc":"2026-10-06T05:50:14.846Z","p_pred":0.3267825556549316,"p_prior":0.42000000000000004,"features":{"category":"club","slot":"weeknight","phase":"late","cell_key":"category:club:weeknight"},"signals":{"hour_phase":-0.4}}
{"venue_id":"toronto-ogradys-on-church","timestamp_utc":"2026-10-06T05:50:14.846Z","p_pred":0.29120306666643375,"p_prior":0.38,"features":{"category":"bar","slot":"weeknight","phase":"late","cell_key":"category:bar:weeknight"},"signals":{"hour_phase":-0.4}}
{"venue_id":"toronto-steamworks-baths","timestamp_utc":"2026-10-06T05:50:14.848Z","p_pred":0.5621765008857981,"p_prior":0.5,"features":{"category":"sauna","slot":"weeknight","phase":"peak","cell_key":"category:sauna:weeknight"},"signals":{"hour_phase":0.25}}
{"venue_id":"vancouver-the-junction","timestamp_utc":"2026-10-06T05:50:14.849Z","p_pred":0.4403976865027794,"p_prior":0.38,"features":{"category":"bar","slot":"weeknight","phase":"peak","cell_key":"category:bar:weeknight"},"signals":{"hour_phase":0.25}}
{"venue_id":"vancouver-pumpjack-pub","timestamp_utc":"2026-10-06T05:50:14.850Z","p_pred":0.4403976865027794,"p_prior":0.38,"features":{"category":"bar","slot":"weeknight","phase":"peak","cell_key":"category:bar:weeknight"},"signals":{"hour_phase":0.25}}
{"venue_id":"vancouver-score-on-davie","timestamp_utc":"2026-10-06T05:50:14.850Z","p_pred":0.4403976865027794,"p_prior":0.38,"features":{"category":"bar","slot":"weeknight","phase":"peak","cell_key":"category:bar:weeknight"},"signals":{"hour_phase":0.25}}
{"venue_id":"vancouver-the-fountainhead-pub","timestamp_utc":"2026-10-06T05:50:14.850Z","p_pred":0.29120306666643375,"p_prior":0.38,"features":{"category":"bar","slot":"weeknight","phase":"late","cell_key":"category:bar:weeknight"},"signals":{"hour_phase":-0.4}}
{"venue_id":"vancouver-steamworks-vancouver","timestamp_utc":"2026-10-06T05:50:14.852Z","p_pred":0.5621765008857981,"p_prior":0.5,"features":{"category":"sauna","slot":"weeknight","phase":"peak","cell_key":"category:sauna:weeknight"},"signals":{"hour_phase":0.25}}
{"venue_id":"washington-dc-the-fireplace","timestamp_utc":"2026-10-06T05:50:14.853Z","p_pred":0.29120306666643375,"p_prior":0.38,"features":{"category":"bar","slot":"weeknight","phase":"late","cell_key":"category:bar:weeknight"},"signals":{"hour_phase":-0.4}}
{"venue_id":"washington-dc-crew-club","timestamp_utc":"2026-10-06T05:50:14.854Z","p_pred":0.5621765008857981,"p_prior":0.5,"features":{"category":"sauna","slot":"weeknight","phase":"peak","cell_key":"category:sauna:weeknight"},"signals":{"hour_phase":0.25}}
